id_municipio,nombre_localidad
1,Cozumel
1,Punta Celarain
1,Punta Molas
1,Las Palmitas
1,El Cedral
1,Palancar
1,Punta Morena
1,Xel-Ha
1,Buenavista
1,Santa Rita
1,Presidente Intercontinental
1,Punta Chiqueros
1,San Bernardo
1,San Francisco
1,San Jorge
1,Ninguno [Basurero Municipal]
1,San José
1,La Herradura
1,Caleta
1,San Manuel
1,CAPA
1,La Cotita
1,Fiesta Americana
1,María Luisa
1,Cerro Chumul
1,Dos Arbolitos
1,La Estrella
1,San Pedro
1,Gallo de Oro
1,Los Girasoles
1,Sol Estéreo
1,Los Pinos
1,San Andrés
1,San Carlos
1,México Lindo
1,El Naranjal
1,Rancho Lulú
1,María Magdalena
1,Mezcalitos
1,Nuestra Señora de Guadalupe
1,Palmar Primero
1,Aqua Dorada
1,Rancho Argüelles
1,San Gervasio
1,Paloma Negra
1,Grand Occidental
1,San Miguel Segundo
1,La Milpa
1,Sunscape
1,San Bartolo
1,Ramonales
1,San Carlos
1,La Amistad
1,Punta Arrecifes
1,La Cabaña del Pescador
1,CALICA
1,CALICA
1,Paso María
1,Chen Río
1,Chichihualco
1,Xkaliahche
1,Allegro Resort Cozumel
1,The Money Bar Beach Club
1,Los Gavilanes
1,Huerto Familiar
1,Villa Mafi
1,San Juan
1,Zazil-Beh
1,Ubaldo Verde
1,Edilberto Sosa León
1,Ix-Chel
1,Kilómetro Ocho y Medio
1,Los Nueve Hermanos
1,Tamaulipas [Rancho]
1,Kilómetro Cuatro Punto Cinco
1,Ecoparque Cuzam
1,San Miguel
1,Quinta Vimar
1,Kilómetro Doce
1,El Mariachi
1,Las Palmeras
1,Playa Bosh
1,El Paso del Cedral
1,Los Pinos
1,Playa Corona
1,Playa Mía
1,Pueblo Nuevo
1,Punta Francesa
1,El Divino Niño Jesús
1,Las Gemelas
1,Garañones
1,San Miguel
1,San Miguel
1,San Miguel Tercero
1,Javier Escalante
1,San Gabriel
1,Santa Cecilia
1,Santa Cecilia Nueva
1,Santa María
1,La Herradura
1,Playa Bonita (Punta Chiqueros)
1,San Antonio
1,San Cipriano
1,Playa San Martín
1,Nueva Esperanza
1,Chankanaab [Parque]
1,La Esperanza
1,Fausto Coral
1,San Fernando
1,Maya Luum
1,Iberostar
1,Iguanas Ranas
1,Hacienda Antigua
1,Los Tres Regalos
1,Laguna Ciega
1,La Media Luna
1,La Selva
1,Nachi Cocom
1,Rancho Palmitas
1,Pancho Tequila
1,Elio Carmichael [Escuela]
1,Rancho Alegre
1,Rancho Grande
1,Don Ranulfo
1,El Refugio
1,Ranchitos
1,Quinta la Bonita
1,Santa Teresa
1,El Curvato
1,Varadero
1,Yumka
1,Casa Tunich
1,Turquesa [Radio]
1,Isabel
1,Juan Leyenda Trigo
1,Mundo Palancar
1,Santa Rita
1,Casa de las Flores
1,Mister Sanchos
1,Villas Pavo Real
1,El Rincón [Héctor]
1,Costa del Sol
1,Las Fincas
1,Paradise Condominiums
1,Casa Birdie
1,Ninguno
1,El Cielo [Villas]
1,Paradise Beach
1,Residencias Reef
1,Las Uvas
1,Las Ventanas
1,Villa Dos
1,Villa Tikal
1,Los Abuelos
1,Cozumeleño
1,Guadalupe del Carmen
1,La Huerta
1,Kilómetro Ocho y Medio
1,Rancho Enríquez
1,Rancho Palomo
1,El Refugio
1,San Nicolás
1,Bodoquito
1,Bosh Balam
1,De los Santos
1,Discover México
1,Don Miguel
1,Eduardo Toledo Parra
1,Tres Marías
1,Gabriel y Gabriela
1,Gastón Cantarell
1,El Gato
1,Isla de la Pasión
1,Isla Maya
1,Luis Alcérreca
1,Peña Bohemia
1,Las Perlitas
1,San Carlos
1,San Judas Tadeo
1,Universo
1,Costa Sur
1,Don Raúl
1,El Capitán [Rancho]
1,Ilusión
1,La Princesa
1,Mariposas
1,Kilómetro Dieciocho Punto Veinticinco
1,Ninguno
1,Ninguno
1,Ninguno
1,Ninguno
1,Ninguno
1,Ninguno
1,La Esperanza
1,Ninguno
1,Ninguno
1,Linda Vista
1,Ninguno
1,Nojoch Suku'un
1,Gavilanes [Rancho]
1,San Anselmo
1,San Gervasio
1,San Lucas
1,Sandoval
1,Cozumel
1,Villa Caracoles
1,Villa Edén
1,Villa el Edén
1,Villa M II
1,Villa Yak'alil [Kilómetro Doce Punto Cinco]
1,Las Uvas
1,Eligio Marrufo Rejón
1,Rancho Escondido
1,Campeche
1,Ninguno [Rancho]
1,Rincón de Cervantes
1,San Isidro
1,San Miguel
1,Los Potros
1,Campestre
1,Las Brisas
1,Las Glorias
1,Lirios
1,Palmar
1,Residencial
1,Salgado
1,X-Kanha
2,Felipe Carrillo Puerto
2,Ignacio Manuel Altamirano
2,Betania
2,Chancah Derrepente
2,Chancah Veracruz
2,Chanchén Comandante
2,Chucab
2,Chun On
2,Chumpón
2,Chunhuás
2,Chunhuhub
2,Dzoyola
2,Dzulá
2,Filomeno Mata
2,Hobompich
2,Kancabchén
2,Komchén
2,Kopchen
2,Laguna Kaná
2,Melchor Ocampo
2,Naranjal Poniente
2,Noh-Bec
2,Noh-Cah
2,La Noria
2,Las Palmas
2,Petcacab
2,Polinkín
2,Polyuc
2,Pozo Blanco
2,Presidente Juárez
2,Casa Blanca
2,Ramonal
2,Sacrificio
2,San Andrés
2,San Felipe Berriozábal
2,San Francisco Aké
2,San Hermenegildo
2,San José Primero
2,San José Segundo
2,San Luis
2,San Ramón
2,Santa Lucía
2,Santa María Poniente
2,Santa María
2,Santa Rosa Segundo
2,Señor
2,Tabi
2,Tac-Chivo
2,Tepich
2,Tihosuco
2,Tixcacal Guardia
2,Trapich
2,Tuzik
2,Uh May
2,Santa Rita
2,Vigía Chico
2,Xaan
2,Xec-Pich
2,X-Hazil Sur
2,X-Pichil
2,X-Yatil
2,Yaxché Chal
2,Yaxley
2,Yoactún
2,Yodzonot Chico
2,Andrés Quintana Roo
2,Bella Flor
2,Canzepchén
2,El Corozo
2,Chan Chen Chuc
2,Kancabchén Segundo
2,Chan Santa Cruz
2,Chich-Muc
2,Emiliano Zapata
2,Francisco I. Madero
2,Francisco May
2,Lal-Cah
2,Mixtequilla
2,Nueva Loría
2,Nuevo Israel
2,San Bartolo
2,San Hipólito
2,Santa Rosa
2,El Triunfo
2,X-Konha
2,San Antonio Nuevo
2,Xmacnail
2,El Albur
2,Chan-Yodzonot
2,Chun Ox
2,José María Pino Suárez
2,Kampokolché
2,Kancabchén
2,Kilómetro Sesenta y Ocho
2,El Naranjal
2,Pomká
2,Rancho Grande
2,Reforma Agraria
2,San Vicente
2,La Guadalupana
2,San Pablo
2,San Severo
2,Santa Cruz
2,Santa Isabel
2,Santa Lucía
2,Santa Lucía
2,Santa Rita
2,Santa Teresa
2,Yodzonot Nuevo
2,Kancab Chén
2,El Gallito
2,Lagos
2,María Elena
2,Punta Herrero
2,San Román
2,Santa Rosa
2,Kopchen
2,San José
2,Anexa Santa Fe Segundo
2,Balché
2,Cacab
2,San José Café
2,Fitosanitaria
2,Ninguno [CBTA 80]
2,Columpich
2,La Curva
2,Chanchén
2,Dzap Tun
2,Chan Xcán
2,Chapas
2,Chayote
2,Chun Akidz
2,Chun Kulché
2,Chunhuás
2,Chun-Yah
2,Chunyaxché
2,Yoactún
2,Dzitbalché
2,Santa Teresa
2,Filadelfia
2,Flor de Mayo
2,Frontera Norte
2,Charys
2,Gallito
2,X-Pichil
2,San Francisco Aké
2,Guadalupe
2,El Coleguita
2,Hacienda
2,Hazil
2,Los Tres Reyes
2,Kankabdzonot
2,Chumpón
2,Cecilio Chí (Kilómetro Sesenta y Cuatro)
2,Los Lagartos
2,Laguna Ocom Primero
2,La Lagunita
2,Lirios
2,Las Lomas
2,Montalvo
2,Mosquiteros
2,Marín
2,Naranjal
2,Nohkancab
2,Pixoy
2,Mil Caminos
2,Pucté
2,Punta Herrero [Faro]
2,Ninguno
2,Kilómetro Dos
2,El Ramonal
2,Tampalán
2,Isla Zitipal
2,Rancho Chico
2,Centauro
2,San Martín
2,Ninguno [Rastro Municipal]
2,Zona Arqueológica
2,Sahcabchén
2,San Andrés
2,San Antonio Segundo
2,San Antonio Nuevo
2,San Carlos
2,San Daniel
2,San Diego
2,San José
2,Paytoro
2,San Jorge
2,El Humilde Campesino
2,San Lorenzo
2,San Lorenzo
2,San Miguel
2,San Pablo
2,San Pedro
2,Santa Amalia
2,Santa Clara
2,Santa Fe Segundo
2,Santa Gertrudis
2,Santa Matilde
2,San Jacinto
2,Tasistal
2,X-Huazil
2,Tres Pocitos
2,Tres Reyes
2,Tuzik
2,Tepich Dos
2,Tuzik
2,Ninguno [Vivero Municipal]
2,Caña Brava
2,Tepich
2,X-Hazil Norte
2,Xhulmi
2,La Victoria
2,Seis de Enero
2,Ninguno [UAIM]
2,Bachoco [Granja]
2,Kenia Nairobi
2,Flor de Jazmín
2,Rancho Tadeo
2,Tampak
2,Tzukum
2,San Fernando
2,El Vergel
2,El Girasol
2,Chancacab
2,Dos Cedritos
2,La Gloria
2,San Juan
2,San Lorenzo
2,San Pedro Nuevo
2,El Naranjo
2,X-Café
2,Los Tres Reyes
2,Omega
2,Andrea Angélica
2,Celso Juárez
2,CERESO
2,Dzaptún
2,Eliodoro Llovera Guzmán
2,Fausto Aké
2,El Girasol
2,Guadalupana
2,Ninguno
2,San Pedro
2,Ramón Lara
2,Tres Pozos
2,Ninguno
2,Ninguno
2,Ninguno [Corredor Frutícola]
2,Rancho Víctor
2,El Haragán
2,Jorge Espinoza
2,Kilómetro Treinta y Uno
2,Kopchén
2,Las Lagarteras
2,Los Laureles
2,Los Laureles
2,Macario Leyva
2,Mi Ranchito
2,Nicte Ha
2,El Olvido (Kulché)
2,Ramonal
2,Macehual
2,Cedralito
2,Punta Estrella
2,El Resbalón
2,Roberto Pérez
2,El Roble
2,San Antonio
2,Rocío
2,San Isidro
2,San Nicolás
2,Santa Cecilia
2,Santa Leticia
2,Sisbic
2,Tierra Prometida
2,X-Hazil Primero
2,XECPQ [Estación de Radio]
2,Xijun Kah
2,Gustavo Ché Montalvo
2,Tihosuco
2,La Ceiba
2,Fernando Serrano Trujillo
2,Lidia Arana Tun
2,Flor de Mayo
2,Las Palomas
2,Radio Turquesa
2,San Felipe
2,SEDENA
2,La Virtud
2,La Guadalupana
2,Ninguno
2,Paraíso
2,Rancho Lejos
2,Tres Potrillos
2,Chunhuhub
2,Ninguno
2,Ninguno
2,Ninguno
2,Ninguno
2,Tihosuco
2,San José
2,Chan Dzonot
2,El Edén
2,Gas de Chetumal
2,Naranjal Dos
2,El Olimpo
2,El Rey
2,Balam Nah
2,Sahcabchén
2,Blanca Flor
2,Yodzonot
2,Las Bugambilias
2,Los Chiquiles
2,Ninguno [Gasolinera]
2,Ninguno
2,Ninguno
2,Ninguno
2,La Librada
2,Rastafari Mens Club
2,Ninguno
2,Cruz-Chen
2,Mulichén
2,San Salvador
2,Villahermosa
2,Akachén
2,Aktún Kú
2,Chan Koh
2,Chimay
2,José María Pino Suárez
2,Mulichén
2,San Silverio
2,Tzuquil
2,Yalchén
2,La Maravilla
2,Los Cocos
2,San Juan Dieguito
2,El Cristo
2,La Esperanza
2,Las Golondrinas
2,Kiichpam K'áax
2,Ignacio Xool
2,Las Isabeles
2,José Guadalupe
2,Laguna Cenote
2,Ninguno
2,Ninguno
2,Ninguno
2,Ninguno
2,Marte
2,Novelo
2,Nueva Visión
2,El Perico
2,Los Ponchos
2,El Progreso
2,Sac-Tzu-Tzui
2,San Ángel
2,San Felipe
2,San Isidro
2,San José
2,San Juan
2,San Pedro
2,San Valentín
2,Sijiil Noh Ha
2,Suku'un Rich
2,Tierra Bonita
2,Tricasa
2,SEDARI [Vivero]
2,Amadamaya S.A. de C.V. [Kilómetro Ochenta y Uno]
2,Casa Arvimi
2,Chumpichi
2,El Paso
2,El Paso
2,El Pollito
2,Emilio Che Tuz
2,Estanislao Bolio Caamal
2,Ignacio Montes de Oca Carrillo
2,Isidra Koyoc
2,La Estrella [Kilómetro Ochenta y Uno]
2,La Guadalupana
2,La Guadalupana
2,La Herradura
2,Los Dos Potrillos
2,Margarito Zamora
2,María Magdalena Dzul Chuc
2,Ninguno
2,Ninguno
2,Ninguno
2,Nueva Vida
2,Pablo Jiménez Villanueva
2,Pollos a la Leña [Restaurante]
2,Primera Laguna
2,San Carreto [Cafetería]
2,San Miguel
2,San Ramón
3,Isla Mujeres
3,Isla Contoy
3,Chacmuchuch
3,Sueño Guajiro
3,Sufre y Calla
3,El Cerrito
3,Flamingos
3,La Proa
3,Punta Sam
3,Rancho Viejo
3,El Meco
3,Isla Blanca
3,Cabo Catoche
3,Palo Bravo
3,Boca Iglesia
3,Boca Nueva
3,Punta Norte de Contoy
3,Francisco Javier
3,Kart
3,Santa Fe
3,El Gato
3,Tatapio
3,Ebén Ezer
3,El Abuelo
3,La Estrella
3,La Morena
3,Cancún III [Planta de Concreto]
3,Limones [Vivero]
3,Villas Punta Sam
3,Hacienda Punta Sam
3,Playa Azul
3,San Francisco
3,Santa Alicia
3,Casa Blanca
3,Las Dos Glorias
3,Balancan
3,Bonsai
3,El Corzo
3,Cuba Can
3,Fernando Zapata
3,Santa Odila
3,Los Cedros
3,Las Gaviotas
3,El Pocito
3,Nicte-Ha
3,El Retoño
3,Los Laureles
3,Zona Urbana Ejido Isla Mujeres
3,Luis Barocio de la Lama
3,Ninguno
3,Cayo Sucio
3,Maracatu
3,La Mina
3,Santa Fátima
3,Rosario Ciau Manzano
3,San Valentín
3,Santa Lucía (El Tigre)
3,Santa Odila
3,Refugio del Pirata Morgan
3,Villas Mar
3,Santa Marcela de los Cutis
3,El Manglar
3,San Isidro
3,Alberto Cauch
3,El Azabache
3,Berny y Caridad
3,El Campet
3,Casa Tangara
3,Costa Mujeres
3,Chalet Maya
3,San Antonio
3,El Ramonal
3,La Esperanza
3,La Trinidad
3,El Divino Maestro
3,Francisco May
3,Fundación Renacimiento
3,El Gran Chaparral
3,La Guadalupana
3,Héctor Da Silva
3,Ninguno
3,El Buen Pastor
3,Jesús Alberto López Camino
3,José María
3,Julio Cauich
3,Marina Isla Blanca
3,Materiales Isla Mujeres
3,El Palomo
3,Paradise Beach Club
3,Pedregal del Río Manatí
3,Punta Cocos
3,El Sauce y la Palma
3,Ninguno [Relleno Sanitario]
3,Residencial Arrecifes
3,El Sacrificio
3,El Oriental
3,San Manuel
3,Santa Lucía
3,Santa Rosario
3,Santa Teresa
3,San Pedro Sarahí
3,El Silbido
3,Ninguno
3,Uchben Kah
3,Villa Erfica
3,Villa Fragata
3,Villa Nifers
3,Banco de León
3,Cayo Alcatraz
3,Escénica
3,Tomás Rosales
3,Santa Rosa
3,Martha Elena
3,Chechén Chairs
3,Chico Cenote
3,Playa Mujeres
3,El Dorado
3,La Bendición de Dios
3,Dos Arbolitos
3,Mis Tres Retoños
3,San Fernando de los Núñez
3,Mira Playa
3,Rancho Jordán
3,José Canché
3,Los Mariachis Dos
3,Los Mariachis
3,Los Potrillos
3,Tres de Septiembre
3,Jabalí
3,La Bellota
3,Casa de Sachll
3,Casa Ricardo
3,Cayo Cahum
3,Los Cocos
3,Daniel de los Cobos
3,Familia Sanntage
3,Felipe Trejo
3,Ninguno
3,Punta Taus Uno
3,Los Pinos
3,Punta Taus Dos
3,Rancho Arena
3,Rancho Oasis de Paz
3,Rey Arturo
3,Ricardo Rovira Iglesias
3,San Agustín
3,San Diego
3,San Germán
3,Santa María Ecab
3,La Siria
3,Tres Angelitos
3,La Trigueña
3,La Victoria
3,La Amada [Residencial]
3,Bugambilia
3,El Alba [Colonia]
3,El Charro [Rancho]
3,El Corchal
3,El Diamante [Rancho]
3,El Jordán
3,El Palomar
3,El Polo Norte [Rancho]
3,El Sonora
3,Grupo Harisaga
3,Jorge Sánchez
3,La Franela [Rancho]
3,La Joyita
3,La Verbena
3,Las 2 Potras
3,Las Magnolias
3,Los 3 Hermanos
3,Los Dibujos
3,Los Dos Hermanos
3,Los Dos Hermanos
3,Los Nances [Rancho]
3,María [Rancho]
3,Minas de Rancho Viejo
3,Ninguno
3,Ninguno
3,Ninguno
3,Ninguno
3,Ninguno
3,Ninguno
3,Ninguno
3,Ninguno
3,Ninguno
3,Ninguno
3,Ninguno
3,Ninguno
3,Ninguno
3,Oscar Sánchez
3,Parcela Balam
3,Parcela Lirio
3,Samuel Couoh
3,San Miguel
3,Casona Julia Linda
3,Ikarus
3,Maankinal
3,Riu [Hotel]
4,Chetumal
4,Los Alacranes
4,Álvaro Obregón Viejo
4,Allende
4,Cacao
4,Calderitas
4,Esteban Baca Calderón
4,Caobas
4,Cocoyol
4,Estero Franco
4,San Francisco Botes
4,Francisco Villa
4,Huay-Pix
4,Jesús González Ortega
4,Juan Sarabia
4,Laguna Guerrero
4,Mahahual
4,Nachi Cocom
4,Nicolás Bravo
4,Palmar
4,Revolución
4,Ramonal
4,Río Indio
4,Sabidos
4,San Manuel
4,Subteniente López
4,Ucum
4,La Unión
4,Rancho de los Vallejo
4,Sacxán
4,Xcalak
4,Xul-Ha
4,Tomás Garrido Canabal
4,San Pedro Peralta
4,Javier Rojo Gómez
4,Álvaro Obregón
4,Carlos A. Madrazo
4,Kohunlich
4,Lázaro Cárdenas Segundo
4,Pucté
4,San Fernando
4,San Isidro
4,Juan Luis
4,Sergio Butrón Casas
4,Tres Garantías
4,La Adelita
4,Arco Iris
4,La Carlota
4,Luis Echeverría Álvarez
4,Dos Aguadas
4,Limonar
4,Morocoy
4,Nueva Esperanza
4,Nuevo Bécar
4,Raudales
4,José Narciso Rovirosa
4,Calderas de Barlovento
4,Cinco de Mayo
4,Dos Hermanos
4,La Libertad
4,Nuevo Caanán
4,Las Palmas
4,Punta Gavilán Uno
4,San José de la Montaña
4,Santa Cecilia
4,Veracruz
4,Villa de Cortés
4,Tres Reyes
4,Agua Dulce
4,Las Palomas
4,La Victoria
4,Ninguno [Caseta Fitosanitaria]
4,Xahuachol
4,Xtepen
4,Xóchitl
4,Inchatiro
4,California
4,Santuario [Rancho]
4,El Arca
4,Emiliano Zapata
4,Arrocera del Caribe
4,Gallo Prieto
4,El Caballo Blanco
4,El Cardenal
4,San Jorge
4,Sal y Salma
4,El Cedral
4,El Danto
4,Dos Hermanos
4,Emiliano Zapata
4,Tapatío
4,La Esmeralda
4,La Esperanza
4,La Herradura
4,Hidalgo y Cortés
4,Los Cedros
4,El Henequén
4,San Carlos
4,Los Cuatro Hermanos
4,Chetumal [Campo Experimental]
4,Ninguno [Instituto Tecnológico de la Zona Maya]
4,Okotuil
4,Unicornio
4,La Juventud
4,Kaluma
4,La Curva
4,Leonel Soriano Martínez
4,La Lupita
4,Marcos Requena
4,El Matorral
4,El Milagro
4,Los Tulipanes
4,Los Nogales
4,Icaiché
4,El Palomar
4,Las Dos Y
4,El Arca
4,El Paraíso
4,El Paraíso
4,Playa Naty
4,Peto
4,Los Pinos
4,La Ponderosa
4,Seis Hermanos (El Ranchito)
4,El Porvenir
4,El Porvenir (La Pila)
4,Puerto Ángel
4,Valher
4,Reforma
4,Reforma Agraria
4,El Refugio
4,Chactemal
4,El Rosal
4,El Puente
4,La Finca
4,Sac-Nicté
4,Sergio Butrón Casas
4,San Silvestre
4,Sinaí
4,Sol y Mar
4,San Armando
4,San José
4,San Martín de Porres
4,Cox Farms
4,Coral Garden Inn
4,Santa María
4,Las Olas Tranquilas
4,Santa Rosa
4,Santa Teresa
4,Don Jacobo
4,Cayo Centro
4,El Tajín
4,Higinio López
4,La Carolina
4,Loma Linda
4,Carolina
4,Unidad Veinticuatro
4,Nuevo México
4,Los Tres Hermanos
4,Pedro Joaquín Coldwell
4,Los Tres Hermanos
4,La Trinidad
4,Cárcamo de Rebombeo Número Dos
4,Corozal
4,Francisco Alfaro Silvarán
4,La Aventura
4,Buenos Aires
4,Kilómetro Diez
4,La Conchita
4,Kilómetro Ocho
4,Los Encinos
4,Las Flores
4,Hermanos Lagos
4,San Luis
4,Subteniente López [Quebradora]
4,El Naranjo
4,El Paraíso
4,Parque Industrial
4,Hermanos Martínez
4,La Fe en Dios
4,Grand Bahía Diamante
4,Calquín
4,La Cocotina
4,Rancho Chico
4,El Rayito
4,El Arca
4,Héctor Esquiliano Solís
4,Luis Buenfil
4,Casa Dany Pau
4,Juan Luis
4,Don Nacho
4,Las Margaritas
4,El Pedregal
4,San Andrés
4,San Antonio
4,Francisco Godoy
4,San Jorge
4,Don Douglas
4,San Marcos
4,El Encuentro
4,Villa Karlita
4,Villa Roclau
4,Missie
4,Colonia Ejidal
4,El Esfuerzo
4,Rancho Ferrara
4,Los Tamarindos
4,Rancho Alegre
4,Alejandra
4,Los Tres Gavilanes
4,La Penca
4,La Flor
4,Santa Fe
4,Estela León Moo
4,Cita López Calderón
4,Chaparral
4,Linda Vista
4,El Naranjal
4,San Pablo
4,Rodolfo Rodríguez Zapata
4,El Encanto
4,Fernando López Domínguez
4,Rancho Nuevo
4,Costa de Cocos
4,Tul Chi-Haltunha
4,Playa Sonrisa
4,Sol Caribe
4,El Castillo
4,Agua Blanca
4,Paulino
4,José Cruz Flores
4,El Bobal
4,El Mirador Arroyo
4,La Golondrina
4,El Teco
4,Rancho Cruz
4,Tres Hermanos
4,Agustín Canul Hernández
4,Antonio Pisté
4,El Camarón
4,Juan Campos Solís
4,Ninguno [CBTA Número 11]
4,Alejandro Catana Mulato
4,Grúas Raza de Chetumal
4,El Griego
4,Río Huache
4,Roberto Eloy
4,San José
4,Villa Rica
4,San Lorenzo
4,Rutilio Mancilla Reyes
4,La Sabana
4,Casa Carolina
4,Eleazar Villanueva
4,Casa las Palmas
4,Xkan-Lol
4,El Cochinito de Oro
4,El Crucero
4,Bel-Ha
4,Facundo Romero
4,Francisco Vázquez Solís
4,El Naranjal
4,El Cedralito
4,Joel Cauich
4,El Bajío
4,La Calavera
4,El Achiotal
4,El Admirable
4,Las Tres Potrancas
4,Santiago Canul
4,Morelos
4,Agua Potable
4,El Águila
4,Cubano
4,El Palmar
4,Amada Carvajal
4,Ana
4,El Resbalón
4,Mari Casa
4,Las Tres Balbinas
4,El Barranco
4,Beto Ramírez
4,Ninguno [Bodega de Insecticidas y Fertilizantes]
4,El Esfuerzo
4,Juan Borges y Cruz
4,BORUCONSA
4,Casa Azul
4,Huay-Pix [Campamento]
4,Carlos A. Madrazo
4,El Carmen
4,Ninguno [Caseta de Bombeo]
4,Cocoyol [Caseta de Inspección Fitopecuaria]
4,Celaya
4,Celestino Interián
4,La Forrajera
4,El Chaparral
4,El Chontal
4,Los Cítricos
4,La Soledad
4,Los Compadres
4,Los Compadres
4,La Concepción
4,Las Jaibas
4,El Corralillo
4,La Cristiandad (Kilómetro Ochenta y Cuatro)
4,San Isidro Labrador
4,Israel Millán Pelayo
4,DM
4,El Diamante
4,El Dorado (Guamúchil)
4,Doroteo Pérez Moguel
4,Tres Reyes
4,Santa Ana
4,El Duende
4,Dzibanché
4,Eno González
4,Ninguno [Escuela Secundaria Técnica Número 12]
4,Ninguno [Instituto de Profesionalización de la Seguridad Pública]
4,Las Estrellas
4,Javier Esparza
4,El Espejo
4,Bennys
4,Ninguno [Estación de Microondas]
4,Veintidós de Octubre
4,San José
4,El Mangal
4,El Redomón
4,Casa del Alfarero
4,El Kambul
4,El Crucero
4,Rancho Alcatraz
4,San Cipriano
4,Gilberto Carrillo
4,El Imán
4,Garita Aduanal
4,Subteniente López [Gasolinera]
4,El Gavilán
4,Los Gavilanes
4,Genaro Ramírez
4,Graciano Balam Dzul
4,Guadalupe Estrada
4,Hidalgo
4,El Ramonal
4,Los Henequenes
4,Los Tigres del Mar
4,Costa Cristal
4,Alma Sol
4,El Jardín de los Ángeles
4,San Francisco (Javier Pérez Quintal)
4,Casa Lorimar
4,El Dorado
4,Ninguno
4,José Luis Andrade
4,Las Flores de Guadalupe
4,Las Carmelitas
4,Mis Cuatro Estrellas
4,Villamil
4,Ninguno
4,San José
4,San Juan
4,El Jarocho
4,Jeremías Córdova Domínguez
4,Miguel Palma Tamay
4,La Fogata
4,Jesús Martínez
4,Carámicua
4,U-Yumil-Ceh
4,Jorge Durán
4,Jorge Navarrete (Leydi)
4,El Encanto
4,El Magueyal
4,El Naranjal
4,Juan Manuel Várguez Ramírez
4,Juan Pedro Mercader
4,Paso María
4,Juan Sompaxtle
4,La Cruz Sangrienta
4,Chary
4,Kinichná
4,La Guadalupana
4,Chatis
4,Luis García Coria
4,Mala Noche
4,Manuel Manzo
4,La Noria
4,Manuel Villanueva
4,San Juan
4,La Isla
4,Máximo Canul
4,Estrella de Suerte
4,La Rosita
4,La Lupita
4,Fabián López
4,El Edén
4,Monasterio de Nuestra Señora de Guadalupe
4,El Naranjal
4,La Palma
4,San Ángel
4,Paraíso
4,San José
4,PIM Calderón
4,La Pasadita
4,Patricio
4,Las Tres P (Paulino Ponce Parra)
4,Joya Maya (Paytocal)
4,Pedro
4,Martín Haro
4,Pedro Sotero Guzmán
4,Pino Suárez
4,Los Piratas del Caribe
4,La Ponderosa
4,La Primavera
4,Grano de Oro
4,El Progreso del Hular
4,Punta Estrella
4,Punta Tam
4,Ninguno [Punto de Verificación Fitozoosanitaria]
4,Empedrados de Juan Sarabia [Quebradora]
4,Rancho Elizabeth
4,Hermanos Sánchez
4,La Esperanza
4,Antonio Ek
4,El Ramonal
4,Los Huevos Kenwich
4,Rancho Escondido
4,Rancho Gabriela
4,Rancho Oaxaca
4,Rancho Portillas
4,Los Reyes
4,Reynaldo Cantú Pérez
4,El Roble
4,Los Tres Hermanos
4,Santa Rosa (La Aguada)
4,El Sagrario
4,San Antonio
4,Margaret
4,San Cristobal Uno
4,San Fernando
4,San Jerónimo
4,La Aldea
4,San José
4,San Martín Tres
4,San Miguel
4,San Miguel
4,San Pedro
4,Sandwood Villas
4,Santa Fátima
4,Santa Lucía
4,Santa Rosa
4,Los Cocos
4,Santo Niño
4,La Borrega
4,El Socio
4,Teodoro
4,La Tortolita
4,Los Tucanes
4,Julio Geovani Cohuó Paredes
4,Wilbert
4,Wesby
4,San Enrique
4,Las Palmas
4,El Paraíso
4,El Naranjal
4,Altamira
4,Ángeles Unidos
4,Los Cascabeles
4,Efraín Regalado
4,Cayetano Wenceslao Quimé Cohuo
4,Gavilán
4,María Bonita
4,Grupo Nativos
4,San Carlos
4,El Oasis
4,Melchor
4,El Centenario I
4,Tres Hermanos
4,Joaquín Macías
4,Teresa Rojas Gualberto
4,Juan Sarabia
4,Gerardo
4,Los Lirios
4,El Mulato
4,Pino Suárez
4,Las Pulgas
4,La Esperanza
4,Rancho Escondido
4,Manuel Vega Herrera
4,Rancho Escondido
4,Unión de Guadalupe
4,Abel Cruz Sánchez
4,Alberto Zavala
4,Alejandro Cortazar
4,Unión [Club Deportivo]
4,Alfonso Magaña Guerra
4,Antulio
4,Benito Sánchez
4,Bernarda Montalvo
4,Los Martínez
4,Carmela Santos
4,Costa Azul
4,Ninguno [Caseta Fitozoosanitaria]
4,Los Ceibos
4,El Ciruelo
4,Constancio Collí
4,El Corozo
4,El Coyol
4,Las Cruces
4,El Barón [Deshuesadero]
4,Pedregales
4,ECOSUR
4,San Ramón
4,El Cedral
4,Las Gaviotas
4,La Guadalupana
4,Guadalupe Sánchez
4,San Manuel
4,El Huiro
4,San Ignacio
4,Las Palomas
4,El Manino
4,Ninguno
4,San Rafael
4,Ninguno
4,Buena Vista
4,Carlos López
4,Villa de Leyva
4,Golden Suites [Auto Hotel]
4,Jorge Mercader
4,El Paraíso
4,José Jesús
4,José Jesús Aguilar Ovando
4,José Rafael
4,Las Flores
4,Julio Caballero
4,La Karlita
4,Ramón
4,Chilapa
4,Rancho Libia
4,Loreto II
4,Lucio Moreno Rincón
4,Luis Crisanto Azamar
4,El Manantial
4,María Luisa Durán
4,Roberto Hernández
4,Mario Villanueva
4,Miguel Ángel Santos Poot
4,El Milagro del Siglo
4,La Roca
4,Los Naranjos
4,Los Nietos (Kilómetro Dieciséis)
4,Oscar Lagos
4,Oxtankah
4,San Clemente
4,El Paraíso Chico
4,El Pedregal (Kilómetro Cinco)
4,Perfecto Hoil
4,El Productor R
4,El Progreso
4,Las Pulgas Módulo Dos
4,El Puma
4,Ramón Aguilar
4,Ninguno [Relleno Sanitario]
4,El Negro
4,RM
4,La Rosa
4,Rubén Aguilando
4,El Búfalo
4,San Antonio
4,San Bernabé
4,San Isidro Dos
4,San José de la Torre
4,San Rafael
4,Santa Rosalía
4,Santiago Torres
4,El Jabín [Rancho]
4,Sergio Vargas
4,Siete Leguas
4,La Soledad
4,The Explorean Kohunlich
4,Los Tres Hermanos
4,Unidad Veintisiete
4,Valerio Chuayo Villamil
4,Jabín
4,Santa Cruz
4,Villa de Guadalupe
4,Administración Portuaria Integral
4,Mahahual [Aeropuerto]
4,Luna Floja (Alfonso Kayler)
4,Las Anonas
4,Atenea
4,Aventura Mahahual
4,El Cubano
4,Chac-Chí
4,Chaparral
4,Esperanza
4,Explorean Costa Maya
4,Félix Altamirano López
4,Guamúchil
4,Hermanos R
4,Chac Mool
4,Kon Hun Beach
4,Rodolfo Rosas
4,Rancho Viviana
4,Ninguno
4,Las Pitayas
4,Ninguno [Unidad de Servicios]
4,Cañón de Montaña
4,Los Caballos Aventureros
4,El Jordán
4,José Luis Catzín
4,Xavier Gamboa Villafranca
4,Rancho Israel
4,Kabah-Na
4,Kohunlich
4,El Jahuatal
4,El Makulí
4,Manuel Domínguez Góngora
4,Manuel Palma
4,Martín Reyes
4,Don Chabelo
4,Maya Palms Resort
4,San Diego
4,Montecristo
4,El Mostrenco
4,PIM
4,BA
4,Paytocal (Kilómetro Once)
4,Poca Cosa
4,Primero de Mayo
4,Casa de Madera
4,Los Mangos
4,Rancho Alegre
4,Roberto Salgado
4,El Esplendor
4,El Porvenir
4,San José
4,El Salvador
4,La Providencia
4,Sin Duda Villas
4,Costa Maya
4,Playa Uvero
4,El Tesoro
4,Tierra Maya
4,Trinidad Hernández
4,El Tucán
4,Las Uvas
4,La Victoria
4,Villa de Leyva
4,Alfredo Barradas Domínguez
4,Galeras
4,Loma Seca
4,Ninguno [Planta de Tratamiento]
4,Ninguno [Tratamiento de Aguas Residuales]
4,Tania Gabriela
4,Arsenio Padrón
4,Las Maravillas
4,Rancho Unido
4,Eduardo Ovando
4,Eduardo Sánchez
4,Pedro Pescador
4,La Fe
4,Casa de los Sueños
4,Guerreros
4,La Huerta de Alcalá
4,Ninguno
4,El Mercenario
4,Mejía Castellanos
4,Isidro García
4,Juan Hernández Rosales
4,Rancho Escondido Hermanos Magaña
4,Jung Matthee
4,Lucas Poot Cohuó
4,Nicolás Bravo
4,Gilberto González
4,San Isidro
4,PCM
4,Ramón
4,Las Tres Marías
4,Mahahual
4,Ninguno
4,El Paraíso
4,Nuevo Jesús
4,Ninguno
4,Ninguno
4,El Salto del Tigre
4,Los Mangos
4,Rancho Adulam
4,Los Tres Reyes
4,Santa Lucía
4,Punta San Ángel
4,La Esperanza
4,El Mameyal
4,Los Cascabeles
4,El Sacrificio
4,Las Tres Hermanas
4,Los Tres Pozos
4,La Unión
4,Tamazulita
4,Venecia
4,Balam Kú
4,Casa del Sol
4,La Concepción
4,Serenity
4,El Abuelo Félix
4,Mahahual [Gasolinera]
4,Granja Acuícola del Caribe
4,Las Hermanas
4,El Jabín
4,El Jardín de Palmira
4,Melissa
4,Kimmels
4,El Capricho
4,Maya Chan
4,Los Tres Amigos
4,Ninguno
4,Ninguno
4,MACROVI
4,Casa de Paloma
4,Matehual
4,Casa Tranquila
4,Montealbán
4,El Oasis
4,La Palapa Campestre
4,El Placer
4,Rancho Escorpión
4,Rancho Maya
4,El Rincón
4,Ninguno [Servicio Internacional de Tratamiento Cuarentenario]
4,CFE [Subestación]
4,Travel Inn
4,Wilberth Smith
4,Bougain Villa
4,Margarita del Sol
4,Maya Luna
4,Playa Maya
4,San Juan
4,El Cerro
4,El Jobo
4,Los Ilegales
4,San Juan
4,El Bronco
4,El Melón
4,El Progreso
4,Rancho Rafael
4,Albin Casa del Mar
4,Casas de Xac Zil Ha
4,Las Chachalacas
4,Casa Escondida
4,Casa Caracola
4,El Oasis
4,Rogelio Bello Hernández
4,Santa Rosa
4,Maya Pax
4,Rancho Gabriela
4,Dos Hermanos
4,Los Compayitos
4,La Casa Playa
4,La Luna
4,Los Tres Castillo
4,Los Camilos
4,El Arco Maya
4,Chumbec
4,Las Cicadas
4,El Esfuerzo
4,Don Saba
4,Los Dos Potrillos
4,Dos Pozos
4,Francisco Ramírez
4,El Gaucho
4,Rancho Guzmán
4,Isaac
4,Jaime Peraza
4,Jorge Caamal
4,Carlos Soberanis
4,Los Lirios
4,Ninguno
4,Ninguno
4,Ninguno
4,Las Margaritas
4,Alborada
4,La Candelaria
4,Las Palmas
4,La Perla
4,El Potrillo
4,La Primavera
4,Progreso
4,El Zuubim
4,La Virgen
4,Aurelio Uh Xool
4,La Herradura
4,Sac-Ha
4,Nicolás Bravo
4,Armando Poot
4,Panto-Ha [Balneario]
4,Nuevos Inicios [Campamento]
4,Akal-Ki [Centro Holístico]
4,Chacbel-Ha
4,Matías Reyes
4,El Marino
4,Tomza [Gasera]
4,Los Gavilanes
4,Las Glorias
4,Grúas Jaswor
4,Jesús Ceja López
4,José López Zambrano
4,Laguna Bonanza
4,Ninguno (Kilómetro Dos Punto Tres)
4,Dany
4,Ninguno
4,Ninguno
4,Ninguno
4,Ninguno
4,Ninguno
4,Luis López
4,María Aída Guillen
4,Las Peñas
4,Polo Medina
4,La Potranquita
4,Rancho Chabela
4,Rancho David
4,Num Ka'an [Rancho]
4,Rancho Paquita
4,Rancho Wayac
4,Raymundo May Azcorra [Chilango]
4,San Isidro
4,Don Marcos
4,Santa Lucía
4,Santa Martha
4,Santa Rita
4,El Tata
4,Tuxpeño
4,La Veleta
4,Los Abuelos
4,Acapulquito
4,Agua Clara
4,Alma Caribe
4,Aragón
4,La Aurora
4,Las Auroras
4,La Bendición
4,Benito Juárez
4,Beto Ramírez
4,Bills Place
4,Billy Green
4,Las Bugambilias
4,Villa Blanca
4,Casa Blanca
4,Casa Colibrí
4,Casa Dolphin
4,La Luz Azul del Caribe
4,Casa Milagro
4,Casa Nico Linda
4,Villa Costa Maya
4,Santa Julia
4,Central Flores
4,Chícharo
4,Los Cinco Hermanos
4,Ciricote
4,Ciricote Dos
4,El Cocal
4,Los Cocos
4,El Cocoyol
4,Colonia Electricista
4,El Compadre
4,Los Coquitos
4,Las Cruces
4,David Mosqueda
4,La Distancia
4,El Divino Niño
4,Eben Ezer
4,La Estrella
4,Evaristo García
4,Ex-Aserradero
4,Doña Carmen [Finca]
4,El Huaxín
4,Germán Angulo
4,Gilberto Pérez
4,Los González
4,Gualas
4,La Güera
4,Hacienda Bahía
4,Sarampión
4,Hermanos Rosas
4,Herradura
4,Honorio González
4,Isidro Navarrete
4,Iván
4,Los Jardines
4,Joaquín
4,José Luis
4,Joselino Caamal
4,Juan Diego
4,Kilómetro Seis Punto Cinco
4,Kin-Ha
4,Langosteros del Caribe
4,Lanschu
4,El Laurel
4,Ninguno
4,Ninguno
4,Ninguno
4,Ninguno
4,Ninguno
4,Ninguno
4,Ninguno
4,Ninguno
4,Ninguno
4,Ninguno
4,Kilómetro Cinco
4,Ninguno
4,Ninguno
4,Ninguno
4,Ninguno
4,Ninguno
4,Ninguno
4,Ninguno
4,Ninguno
4,Ninguno
4,Ninguno
4,Ninguno
4,Ninguno
4,Ninguno
4,La Bendición
4,Lorenzo Furio
4,La Lulita
4,Luz Balam
4,Los Mangos
4,Manuel Alonzo
4,Manuel Interian
4,Maple Luna
4,Mar Cambio
4,Mario
4,Marlboro
4,Los Medina
4,Mi Cruz
4,Mi Parcelita
4,Las Mil
4,El Milagro de Dios
4,Mío Maya
4,El Mirador
4,Mirador
4,El Mirador
4,Moncho
4,El Moorah
4,El Naranjo
4,La Natividad
4,Nido de Águila
4,Nueva Esperanza
4,Pablo Moreno
4,Pablo Moreno
4,Los Palomos
4,La Pantera Brava
4,El Pensamiento
4,Las Piedras
4,Las Piedras
4,Los Pinos
4,Pista Dos
4,Ninguno [Policía Municipal]
4,El Poquitito
4,El Potrillo
4,Los Potrillos
4,Rancho Agropecuario
4,Rancho Aromas
4,Rancho Arrayanes
4,Rancho Chobis
4,Rancho Cholo
4,Rancho Dindin
4,Rancho Milagros
4,Don Mayito
4,Rancho Pedregal
4,Rancho Tranquilo
4,Recicladora
4,Rosa Gómez
4,La Rosita
4,Samaritana
4,San Antonio
4,San Felipe
4,San José
4,San Judas Tadeo
4,San Lázaro
4,San Luis
4,Santa Sofía
4,Los Sauces
4,Saúl
4,Sinaí
4,Los Piojos del Sur
4,Las Tres Cruces
4,Los Tres Gómez
4,Los Tres Valles
4,El Triunfo
4,El Tucán de Sacxán
4,Ya'axché Nah
4,El Turix
4,La Vaca Pinta
4,Veinticuatro de Julio
4,Vermen
4,Villa Águila
4,Villa Alejandra
4,Villa Cariño
4,La Esmeralda
4,Villa Ixchel
4,Villa Tamar
4,Tumben Kin
4,Xabelita
4,Xmakil
4,Yaax-Ha
4,El Yanet
4,El Zapote
4,El Zaspa
4,Ninguno
4,El Edén
4,Fraternidad Antorchista
4,Mártires Antorchistas
4,Paraíso
4,Alcaldía Mahahual [Kilómetro Cincuenta y Cuatro]
4,Alfredo López Cruz
4,Alma Plena [Restaurante]
4,Baby Quintal
4,Belhá [Vivero Forestal]
4,Bonifacio Alejo
4,CAPA [Cárcamo Mahahual]
4,CAPA [Planta Purificadora de Agua Potable]
4,Capitán Carlos Tellos
4,Casa Amarilla
4,Casa Bella
4,Casa BP
4,Casa Bruce y Eva
4,Casa de Cocos [Kilómetro Quince]
4,Casas Chinchorro
4,Ciro Marín López
4,Cochi
4,David Randal
4,Don Porfirio
4,Dr. Primo Medina
4,Ebén Ezer [Campamento]
4,El Barril [Minisuper]
4,El Cerrito [Trituradora]
4,Casadía
4,El Diluvio
4,El Gallo Giro
4,El Manantial
4,El Mirador
4,El Pinito
4,Flor del Mar
4,Gabina Aguilar Acevedo
4,Grúas de Quintana Roo [Corralón]
4,IPAE
4,Jerry y Jan Parint
4,Jorge Polanco
4,José Escudero
4,José Rojas
4,Juan Manuel Barrera Gómez
4,Kaanjá
4,Kayal Hermanos Martín
4,Koo Kun
4,La Cabaña de Papá Moso
4,La Condesa
4,La Despeinada de Jaba
4,La Gloria
4,La Luz
4,La Media Luna
4,La Nena Godoy [Cabañas]
4,La Roca
4,La Tía
4,Las Artistas
4,Las Camelinas
4,Las Isabeles
4,Las Manzanitas
4,Leticia Romero
4,Loma de Lobo
4,Los Cocos
4,Los Cuates
4,Los Dos Hermanos
4,Luis Enrique Mercader Rodríguez [Quebradora]
4,Playa Maya
4,Mario Rivero
4,Market Express
4,Maya Kaan
4,Mayaz [Granja]
4,Mi Ranchito
4,Miguel Ángel Servín Ramírez
4,Milagros
4,Montaña a la Mar
4,Monte de los Olivos [Vivero]
4,Néstor Lagos
4,Benjamín Gutiérrez
4,Trella González
4,Ninguno
4,Caritas Cabañas
4,Luna Azul
4,La Lussiernaga
4,Gastón Alegre López
4,Ninguno
4,Ninguno
4,Ninguno
4,Ninguno
4,Ninguno
4,Ninguno
4,Ninguno
4,Ninguno
4,Ninguno [Campo de Tiro]
4,Ninguno [Trailer Park]
4,Oaxaco
4,Okey [Minisuper]
4,Pinolillo
4,Playa Paraíso
4,Puerta del Sol
4,Puerto Ángel
4,Punta Herradura
4,Alejandra [Rancho]
4,Dragonfly
4,Rancho JA
4,Rancho Kanik
4,Rancho Paola
4,Potenciano [Rancho]
4,Rancho Vitache
4,Recicla Centro
4,Refugio (El Dos)
4,Régulo González
4,Rodolfo Valle Villaseñor
4,Sagrado Corazón
4,San Arturo
4,San Caralampio
4,San Francisco
4,San Miguel Arcángel
4,San Rafael
4,San Virgilio
4,Santa Isabel
4,Santa Patricia
4,Sapito
4,Silver Star (Richard Hselen)
4,Kilómetro Seis Punto Cinco
4,Tino Zamora
4,Villa Bethel
4,Villa Lolita
4,Villa Sonrisa
4,Tzotzil
4,Ayar [Rancho]
4,Buena Fe
4,Casita Verde
4,Chilam Balam
4,Crucero de Caobas
4,El Amate
4,El Cocal
4,El Diamante [Rancho]
4,El Paso del Toro
4,El Progreso
4,El Rojo [Rancho]
4,Gavilanes
4,Giltesulis
4,Guadalupe
4,Hermanos Aguilar [Kilómetro Quince]
4,Juan López
4,La Aguadana
4,La Lagunita
4,Las Isabeles [Rancho]
4,Las Palmas [Rancho]
4,Las Tres Cruces
4,Los Coquitos [Rancho]
4,Los Reyes [Minisúper]
4,Los Tres Robles
4,Ninguno
4,Ninguno
4,Ninguno
4,Ninguno
4,La Anita
4,Ninguno
4,Ninguno
4,El Pavo Real
4,Ninguno
4,Ninguno [Tienda de Artesanías]
4,Nuevo Zacualpan [Rancho]
4,Procitrus S.A. de C.V.
4,Rafael Cetina
4,Rancho Grande
4,San Felipe
4,San Lucas [Rancho]
4,San Martín
4,Santa Isabel
4,Santa Martha
4,Santiago Ramírez
4,Villa Anilú (San Benito)
4,Ya'ab Kuxtal
4,Benjamín Canché Gil
4,Bonanza
4,Cándido Sansores Gamboa
4,Dzidz Yah
4,Eduardo Madera
4,El Cielo
4,El Fénix
4,El Lirio
4,Gabino Poot
4,Imperio Maya
4,Isaías León
4,Isla Paraíso
4,Kilómetro Seis
4,La Doña
4,La Grulla
4,La Magnífica Guadalupe
4,La Playita
4,La Rosita
4,La Sabana
4,La Sarteneja
4,Leonardo Xool
4,Ninguno [Rancho]
4,Punta Juanita
4,San Jorge
4,Santa Teresa
4,Vicente de Jesús Díaz Calderón
4,Villa Marili
4,Don Enrique
4,Don Vicente
4,Juan Borges
4,Ladislao Sboroda
4,Los Rápidos
4,Los Tres Hermanos
4,Pedro García
4,San Ángel
4,San Salomón
4,Agustín
4,Antonia Ramírez
4,El Paraíso (Kilómetro 245.5)
4,El Regalo
4,El Tío
4,Ernesto Aros
4,Evencio Hernández Cruz
4,Karenef
4,La Lomita
4,Las Siete
4,Manuel (El Pastor)
4,Marcos Hamilton
4,Santa María
4,Hermanos Flores Magón
4,Hermanos Pérez Rodríguez
4,Atlantis
4,Doña Fina
4,La Mar
4,María Elena
4,Playa Sirena
4,San José
4,Yax-Ché
5,Cancún
5,Alfredo V. Bonfil
5,Aeropuerto
5,Candelaria (Santa Julia)
5,Embotelladora del Caribe
5,La Esperanza
5,Nava
5,CONAGUA
5,Palmira
5,Cardenal
5,La Hacienda del Cielo
5,El Círculo
5,San Jorge
5,Las Hadas
5,Los Pinos
5,La Ilusión
5,ICA [Campamento]
5,Los Íñigo
5,Sensaciones
5,Monte de los Olivos
5,Los Naranjos
5,Los Panchos
5,Alicia
5,Chantaman
5,Rehollada
5,Rodmen
5,La Santa Cruz
5,San Miguel
5,Santa María
5,San Antonio
5,La Aurora
5,El Tucán
5,Los Vargas
5,Villas de Cancún
5,El Tiro Fijo
5,Sens [Motel]
5,Chilly Willys
5,Kilómetro Trescientos Tres
5,Las Arboledas
5,Huertos del Ramonal
5,Gabilei
5,El Colís
5,Rancho Jans
5,San José (La Gota de Oro)
5,San Felipe
5,Cárcamo Siete
5,Los Dos Hermanos J. y J.
5,Las Pollitas
5,Bosques del Caribe
5,Avance Agroindustrial
5,La Teresita
5,San Antonio
5,Benito Juárez
5,Cárcamo Uno
5,Captación Tres
5,Villas de Mora
5,Los Flamencos
5,El Orgullo
5,Xaximilco
5,Los Amigos
5,Deymi Marrufo
5,Planta Aeropuerto
5,Los Amaro
5,Pak-Luum
5,Balam
5,El Pedregal
5,Montalayos
5,El Jabalí
5,El Ana Bárbara
5,Cárcamo Seis (Captación Cuatro)
5,San Carlos
5,Los Girasoles
5,Río Nizuc
5,Figueroa [Grúas]
5,Divino Redentor
5,Ninguno
5,Lol Kaax
5,Los Tres Hermanos
5,San Judas Tadeo
5,Cárcamo Diez
5,Cárcamo Ocho
5,Multibodegas
5,Central de Abasto
5,Emiliano Zapata
5,Grupo Zeta
5,La Guadalupana
5,Hermanos Martínez
5,Agregados y Maquinaria del Caribe
5,Doña Marina
5,Cancún [Trituradora]
5,Jorge Millet
5,Los Amigos
5,Ricardo Fernández
5,Víctor Jiménez
5,El Ramonal
5,Construfoam
5,Lagos del Sol
5,La Virtud
5,San Miguel
5,Ninguno
5,César
5,Rincón del Ángel
5,Rancho Alegre
5,Kukulkán (Kilómetro Siete)
5,El Sauce y la Palma
5,Doble C
5,Mituchu
5,Las Perlas
5,Rancho Fernández
5,Rancho del Carmen
5,Los Reyes
5,Anabel
5,San José
5,José Enrique Manrique
5,Santa Rosa
5,Santa Ana (Kilómetro Doce)
5,Las Calandrias
5,El Tajonal
5,San Ramón
5,El Venado
5,Villa Laura
5,Un Nuevo Horizonte
5,Rancho Nuevo
5,La Carmelita
5,Los Dos Hermanos
5,El Faisán
5,El Edén
5,Ninguno
5,Maranatha
5,Don Armando
5,Moon Palace [Centro de Distribución]
5,Ninguno [Base del Sindicato de Taxistas]
5,La Primavera [Vivero]
5,Campestre Santa María
5,El Carajito
5,Cárcamo Nueve
5,La Consentida
5,Carsa
5,Las Coloradas
5,Dieselera de Cancún
5,Ninguno [Estación de Servicios del Caribe]
5,Las Arboledas
5,Ninguno [Carpintería]
5,San Ignacio
5,Las Palmas
5,Xamankán
5,Ninguno
5,La Finca [Hotel]
5,Ninguno [Gasolinera]
5,Tumben Sastal
5,María Isabel Tuz Hau
5,Mi Ranchito
5,Soluciones Walnut
5,El Cordobés
5,La Ceiba
5,Moon Palace
5,El Palmar
5,Paraíso de Dios
5,Corales [Planta de Tratamiento]
5,Agua Azul
5,Puerto
5,Person Enrejón
5,Eben Ezer
5,Quinta los Ranos
5,La Ponderosa
5,San Carlos
5,San Miguel
5,San Rafael
5,San Silvestre
5,Santa Cecilia
5,Los Tres Hermanos
5,El Tucán
5,Ninguno [Universidad la Salle Cancún]
5,Ninguno [Universidad Tecnológica de Cancún]
5,Vicente Baza Cásares
5,Virgen de Guadalupe
5,Ventura Park
5,San Isidro
5,Don Armando
5,La Primavera
5,Ninguno
5,Marcos Ayala
5,Pasión y Perjuicio
5,Rancho Alegre
5,Raúl Gómez Cruz
5,San Martín
5,El Zapote
5,Rancho Campana
5,El Tiempo
5,Ninguno
5,Las Luisitas
5,El Duende Maya
5,Soledad
5,Colonia Chiapaneca Siglo XXI
5,El Gallo
5,El Porvenir
5,María Estrella del Mar
5,Santa Fe
5,Ninguno [Universidad Anáhuac]
5,Grupo Integral del Caribe
5,CEMEX [Concretos]
5,Las Palmas
5,Águila Real
5,Agustín Figueroa
5,Agustín García Escalante
5,Calisureño
5,Campestre la Finca
5,David Adame
5,Divino Niño
5,La Gallega
5,La Ilusión
5,Kilómetro Doscientos Noventa y Nueve
5,Ninguno
5,Ninguno
5,Maquinaria García
5,El Niño de Atocha
5,El Pentatlán
5,La Primavera
5,San Armando
5,San Jorge
5,Santa Inés
5,Stone Wall
5,Pedregal
5,Tres Ases
5,El Andariego
5,Las Américas
5,El Puma
5,Don Beto
5,Tekax
5,Manuel Mendoza
5,Nuevo Amanecer
5,Las Palmas
5,Pura Cepa
5,Rancho Marimar
5,Regina Kilómetro Doscientos Noventa y Ocho
5,Tres García
5,Atlantes
5,Cancún Country Club
5,Flecha Roja
5,Las Jamaicas
5,Los Laureles
5,Ninguno
5,Ninguno
5,Ninguno
5,Ninguno
5,Ninguno
5,Ninguno
5,Maranatha
5,Nueva Jerusalén
5,Península Resort
5,Las Piedritas
5,María José [Rancho]
5,Rancho JR
5,Los Reyes
5,Tres Marías
5,Los Tulipanes
5,Unión de Agricultores
5,SMEC [Planta de Composta]
5,Avant
5,Banco de Material
5,Carlos García [Rancho]
5,Ninguno
5,Del Parque
5,Delta Gas
5,Sac-Nicté
5,Don Víctor [Rancho]
5,Doña Lucha [Rancho]
5,ECOSUR
5,El Borrego [Rancho]
5,El Chepe [Vulcanizadora]
5,El Chofer [Cervefrío]
5,El Cimarrón
5,El Cortijo de la Española [Rancho]
5,El Encadenado [Rancho]
5,El Maguey [Rancho]
5,El Porvenir [Rancho]
5,El Turillo [Rancho]
5,Epifanio Flores [Rancho]
5,ESISA
5,Mármol y Granito [Fábrica]
5,Materiales Básicos [Fábrica]
5,Gregorio Pech [Rancho]
5,Abimeri [Grúas]
5,Ninguno [Internacionales Cimentación]
5,Isaías Varela
5,José Antonio Ayala [Rancho]
5,José Luis Alanís [Rancho]
5,Juan Espinoza [Rancho]
5,La Conchita [Rancho]
5,La Guadalupana [Rancho]
5,La Herencia [Rancho]
5,La Quinta Flor
5,Landy [Lonchería]
5,Los Cocos [Rancho]
5,Los Cuatro Hermanos [Rancho]
5,Los Lirios [Vivero]
5,Los Tres Hermanos [Rancho]
5,Luz de Salvación [Rancho]
5,María Cristina Vellador [Rancho]
5,Natanael Pech
5,Ninguno [Chatarrería]
5,Ninguno
5,Ninguno
5,Ninguno
5,Ninguno
5,Ninguno
5,Ninguno
5,Ninguno
5,Ninguno
5,Ninguno
5,Ninguno
5,Ninguno
5,Ninguno
5,Ninguno
5,Ninguno
5,Ninguno
5,Ninguno
5,Ninguno
5,Ninguno
5,Ninguno [Vulcanizadora]
5,Operadora Marfuza [Planta de Tratamiento]
5,Palma Real
5,Ipark
5,Parque Logístico Quintana Roo
5,Paulino Nájera [Rancho]
5,Premasa del Caribe
5,Quinta del Nazareno
5,Rafael García [Rancho]
5,Aurorita
5,Cesario
5,Chelina
5,Crispín
5,Guelataos
5,Kawango
5,Portón de Caballos
5,Toledo
5,Ninguno [Recicladora]
5,Ninguno [Registro Municipal de Vehículos]
5,San Jorge [Rancho]
5,San Juan [Rancho]
5,Santa Anna [Parque Industrial]
5,Santa Isabel [Rancho]
5,Seijo Sacu
5,Éxito Familiar [Templo]
5,Trituradora y Agregados
5,Ninguno [Universidad para la Competencia Internacional México]
5,Vicente Espinoza [Rancho]
5,Víctor Trujillo [Rancho]
5,Antonio
5,Benito Estrada
5,Chile Parado
5,Cubilete
5,Dominga Gijón Vázquez
5,Don Julián
5,Dos Hermanos [Minisúper]
5,El Jabalí Dos
5,El Palomar
5,Raúl Lara
5,Ethos
5,Familia Rodríguez
5,Fernando
5,Kinil
5,La Aurora
5,La Ceiba
5,La Fuente
5,La Pulga
5,Las Cabañas [Rancho]
5,Las Gemelas [Rancho]
5,Las Margaritas
5,Los Apaches
5,Los Camachos
5,Los Caracoles [Vivero]
5,Los Cascos
5,Los Cuates
5,Los Gavilanes
5,Los Girasoles
5,Los Monchitos
5,Los Tres Reyes
5,Marisol
5,Mejía Flores
5,Nicolás Anaya Ruiz
5,Ninguno
5,Ninguno
5,Ninguno
5,Ninguno
5,Ninguno
5,Ninguno
5,Ninguno
5,Ninguno
5,Ninguno
5,Ninguno
5,Ninguno
5,Ninguno
5,Ninguno
5,Ninguno
5,Ninguno
5,Pablo García
5,Peñón
5,Rosa de Lima
5,Sac-Nicte
5,San Arturo
5,San Manuel
5,Sergio
5,Tres Marías
5,Villas Arley
5,Hacienda Margarita
5,Block México [Bloquera]
5,Carlos León
5,Doctor Domínguez
5,Don Felipe
5,Don Sebastián
5,El Roble
5,Enedina
5,Grupo Rivera [Corralón]
5,Los García
5,Los Lirios [Vivero]
5,Los Tulipanes
5,Rancho Primavera
6,Adolfo de la Huerta
6,Chanbarbachano
6,Adolfo López Mateos
6,La Carolina
6,Benito Juárez
6,Bulukax
6,Cafetal Grande
6,Cafetalito
6,Candelaria
6,La Ceiba
6,La Ceibita
6,El Naranjal
6,Othón P. Blanco
6,Javier Rojo Gómez
6,Sabán
6,Sabana San Francisco
6,Saczuquil
6,San Carlos
6,San Diego
6,San Isidro
6,Dos Aguadas
6,Dziuché
6,La Esperanza
6,Gavilanes
6,Guadalupe
6,Huay Max
6,José María Morelos
6,X-Querol
6,Zafarrancho
6,Kantemó
6,Lázaro Cárdenas
6,Mariano Matamoros
6,El Martirio
6,Pedro Moreno
6,Piedras Negras
6,Pozo Pirata
6,La Presumida
6,Puerto Arturo
6,Nueva Reforma
6,Sacalaca
6,Sacrificio
6,San Antonio Tuk
6,San Felipe Primero
6,San Felipe Segundo
6,San Felipe Oriente
6,San José de la Montaña
6,Nuevo San Marcos
6,Santa Gertrudis
6,Santo Domingo
6,Tabasco
6,El Tarro
6,X-Cabil
6,Kancabchén
6,Insurgentes
6,El Mirador
6,Plan de la Noria Poniente
6,Rancho Viejo
6,San Isidro Poniente
6,San Miguel
6,El Triunfo
6,Venustiano Carranza
6,Colmenitas
6,Chanchén
6,La Esmeralda
6,San Diego
6,Juanas
6,Juárez
6,El Pitallo
6,La Herradura
6,La Coqueta
6,La Gloria
6,Paraíso
6,X-Peten Hay
6,La Pimientita
6,Porvenir
6,Pozo Blanco
6,San Agustín
6,San Benito
6,San Isidro
6,San Eustaquio
6,San Felipe
6,San Francisco
6,San Francisco
6,San Francisco de Castro
6,San Juan Oriente
6,San Nicolás
6,San Nicolás
6,San Pedro
6,San Román
6,San Roque
6,San Miguel
6,Santa Alicia
6,Santa Amalia
6,Santa Cruz
6,Santa Elena
6,Santa Lucía
6,Santa Margarita
6,Santa Rita
6,Santa Teresita
6,Leona Vicario
6,Xnoh Cruz
6,Sazil Ha
6,Nuevo Plan de la Noria
6,San Pablo
6,Santa Elena
6,San Juan
6,Monte Grande
6,Aguada la Presumida
6,San Antonio Zuctuk
6,Adriana
6,San Bernardino
6,El Verdón
6,Santa Margarita
6,San Sebastián
6,Mina de Oro
6,Nuevo Cunduacán
6,Aguada San Antonio
6,San Juan
6,La Voluntad de Dios
6,Rancho Vázquez
6,San Juan Cenote
6,Tres Palmas
6,San Nicolás
6,San Antonio
6,San José Ignacio
6,San Nicolás Uno
6,Las Moras
6,San Salvador
6,Camarones
6,San Lorenzo
6,San Miguel
6,San Luis
6,San Antonio
6,San Carlos
6,Cacatziu
6,Chan Catzimil
6,Chantuk Águilas
6,La Concepción
6,Grano de Oro
6,El Huanal
6,San Nicolás
6,Kankabchén
6,Los Lagartos
6,El Mercado
6,Polo Primero
6,San Pedro
6,San Antonio
6,San Antonio
6,San Diego
6,San Esteban
6,San Francisco
6,San Juan
6,Santa Leonor
6,San Luis Polo Segundo
6,San Martín
6,San Nicolás
6,San Pedro
6,San Salvador
6,San Valerio
6,Santa María
6,Venadito
6,San Miguel
6,San Martín
6,Rancho Guadalupe
6,Santa Rita
6,Cecilio Chí
6,Chan Tabasquito
6,La Conchita Primero
6,Ermilo Góngora Caamal
6,Garita Aduanal
6,Ninguno
6,El Paraíso del Edén
6,María de Jesús
6,Francisco Villa
6,Kilómetro Sesenta y Uno
6,El Lucero
6,Nachi Cocom
6,El Roble
6,San Francisco
6,San Ignacio
6,Chimay
6,San Luis
6,San Luis Panal
6,San Pedro
6,San Salvador Segundo
6,Los Cuatro Pozos
6,Santa Lucía (Los Cabes)
6,Santa Lucía Esperanza
6,La Trinidad
6,Villa de Guadalupe
6,X-Canil
6,Carlos Salinas de Gortari
6,Los Cuatro Hermanos
6,La Estrella
6,El Lucero Dos
6,Nemesio Salazar
6,San Chablé
6,San Miguel
6,San Rafael
6,San Miguel
6,Sinaí
6,Centro Integrador de Desarrollo Comunitario
6,Casa de los Nares
6,San Ángel
6,San Carlos
6,San Diego
6,San José
6,Dziuché
6,Dziuché
6,José María Morelos
6,Dos Aguadas
6,Jerónimo Chab Pat
6,Rancho Segovia
6,Santa Mercedes
6,Grano de Oro
6,Ninguno
6,Santa Lucía
6,Los Tres Reyes
6,Chan X-Cunei
6,Ninguno
6,El Vergel
6,Los Compadres
6,X-Cunei
6,San Eustaquio
6,La Herradura
6,Su'ukil Naj
6,Antonio Sosa Nieto
6,Ninguno [Asociación Ganadera Local]
6,Las Bugambilias
6,Carlos Tuc
6,Los Cuatitos
6,Dziuché
6,Dziuché
6,Dziuché
6,Dziuché
6,Esperancita
6,Los Girasoles
6,Humberto Piña
6,Juan Vázquez
6,Ninguno
6,Ninguno
6,Matemore
6,Mis Angelitos
6,Las Palmas
6,El Paraíso Naciente
6,Preciliano Martín Traconis
6,Quizás
6,Ninguno [Rastro Municipal]
6,San Antonio
6,San Cosme
6,San Felipe III
6,San José Sisal
6,San Luis
6,San Miguel
6,San Nicolás
6,El Tesoro
6,Ninguno [Universidad Intercultural Maya de Quintana Roo (UIMQROO)]
6,Arturo Xicum Can
6,El Crucero [Restaurante]
6,El Paraíso [Rancho]
6,Esteban Torres Lozada
6,Juan Interián Mejía [Vivero]
6,La Creación [Rancho]
6,Los Cascabeles [Rancho]
6,Otto Ventura Osorio [Rancho]
6,San Carlos [Rancho]
6,San Francisco [Rancho]
6,San Marcelo [Rancho]
6,TEPYOCSA [Centro de Acopio]
6,José María Morelos [Vivero]
6,Tierra de Cristo [Rancho]
6,San Juan
7,Kantunilkín
7,Agua Azul
7,El Cedral
7,Cedralito Segundo
7,Cristóbal Colón
7,Chiquilá
7,Delirios
7,Esperanza
7,Héroe de Nacozari
7,Holbox
7,El Ideal
7,Juárez
7,El Naranjal
7,Nuevo Durango
7,Nuevo Xcán
7,El Pocito
7,San Ángel
7,San Cosme
7,San Eusebio
7,San Felipe
7,San Francisco
7,San Juan de Dios
7,San Lorenzo
7,San Luis
7,San Martiniano
7,San Román
7,Solferino
7,El Tintal
7,Tres Reyes
7,Nuevo Valladolid
7,Guadalupe Victoria
7,Ignacio Zaragoza
7,Cedralito
7,Chan Santa María
7,La Ermita
7,Francisco Villa
7,La Hoyanca de Fátima
7,Monte Bravo
7,San Casimiro
7,San Javier
7,San Juan
7,Santa Melva
7,Tres Marías
7,Arizona
7,Jacinto Canek
7,Ninguno [CBTA 186]
7,Yaxcopil
7,Pocito
7,La Esmeralda
7,La Esperanza
7,Nuevo Valladolid Uno
7,José Cruz
7,Santa Rosa
7,Pacchen
7,El Pedregal
7,San Antonio
7,Poxil
7,Ninguno [Rastro Municipal]
7,San Agustín Primero
7,San Antonio
7,San Arturo
7,San Clemente
7,San Isidro
7,San Isidro
7,UEEE Número Uno
7,Vicente Guerrero
7,Rancho Talismán
7,Santo Domingo
7,Villa de Guadalupe
7,El Edén
7,San Isidro
7,David Gustavo Gutiérrez Ruiz
7,Asnar
7,San José
7,El Chaparral
7,San Bernardo
7,Montecristo
7,San Román
7,Cacahuamilpa
7,Rancho Chan'ka
7,Centro de Investigaciones
7,San Candelario
7,La Concepción
7,Los Cuatro Hermanos
7,Delagro
7,Kantunilkín [Gasolinera]
7,San Javier
7,Guadalupe
7,Ninguno
7,San José
7,Santa Julia
7,Santo Domingo
7,Ninguno
7,Oxil-Kaax
7,San Felipe
7,El Pocito
7,Laguna Costa Rica
7,San Miguel
7,Ninguno
7,Planta de Gas LP
7,Platanal
7,Roberto Dzul
7,El Roble
7,San Antonio
7,San Ignacio
7,San Javier
7,San Mateo
7,San Román
7,Santa María
7,Ninguno [Subestación Eléctrica]
7,Buenavista
7,Chan Santa Cruz
7,San Antonio
7,San Valentín
7,Yaax Ek
7,Villa Catalina
7,Ninguno [Asociación Ganadera Local]
7,Kantunilkín
7,Kantunilkín
7,Kantunilkín
7,Sebastián Poot Gallo
7,Ka'azihilkabo'ob
7,Santa Rosa
7,Diez de Mayo
7,Blanca Flor
7,Ninguno
7,San José
7,San José Chumpús
7,Tulum
7,La Ceiba
7,Los Aluxes
7,La Limonaria
7,San Isidro
7,Pustunich
7,San Pablo
7,Chechen Ha
7,La Gran Familia
7,Ich-Ha
7,Los Laureles
7,Ninguno
7,Ninguno
7,Ninguno
7,Mundo Maya
7,Rancho Nuevo
7,Constituyentes del Setenta y Cuatro
7,Banco de Cenotes
7,Esmeralda
7,Guadalupe
7,Laguna Chabela
7,San Francisco
7,Santa Martha
7,Santa Rufina
7,Yokdzonot
7,Colonia CAPA
7,San Felipe de las Lomas
7,San Marco
7,El Corchal
7,Ninguno
7,San Benito
7,San Juan
7,Villa Infantil Maya
7,Cupaima [Ecoturístico]
7,Diego Caamal
7,El Ché
7,El Solazo
7,José Quintal
7,La Pequeña Tierra
7,La Querencia [Finca]
7,Ninguno
7,Ninguno
7,Ninguno [Trituradora]
7,Aurora [Rancho]
7,Lucas [Rancho]
7,Luferi [Rancho]
7,San Angelin
7,San Chabel
7,San Jorge
7,Valle Verde
7,Vladimir Villanueva
7,Cándido [Rancho]
7,El Cairo
7,El Tintal
7,Jr. Aguilar
7,La Ceiba
7,La Ceiba
7,La Curva
7,La Ermita I
7,La Veleta
7,Ninguno
7,Santa Elena
7,Ninguno
7,Ninguno
7,Parcela Ejidal
7,Pio Papa May José
7,Ninguno [Quebradora]
7,San Miguel
7,Santa María (273)
7,Solferino [Huerta de Frutas y Verduras]
7,Yokdzonot Nuevo
7,Zarco Grande
7,Campo de Tiro
7,El Esfuerzo
7,El Esfuerzo
7,Felicidad
7,La Carmelita
7,La Chaya
7,La Morenita
7,Los Cedros
7,Los Danieles
7,Los Tres Balam
7,Mariquita Linda
7,Ninguno
7,Ninguno
7,Ninguno
7,Ninguno
7,Ninguno
7,Ninguno
7,Ninguno
7,Ninguno
7,Rancho del General
7,San Carlos
7,Santa María
7,Villa de Guadalupe
7,Ninguno [José Pat]
7,Ninguno [María Rosalba]
7,El Campesino
8,Playa del Carmen
8,Artesanías Xpu Ha
8,Banco Playa
8,Chilly Willy's [Centro Nocturno]
8,Materiales y Fulminantes del Sureste
8,El Caracol
8,Ninguno [Caseta de Bombeo]
8,Cenote
8,Cenote Azul
8,Los Cinco Hermanos
8,Concepción Rodríguez
8,Mateo y Juana
8,Tres Hermanos
8,La Paz
8,Los Gavilanes
8,La Gloria
8,Mayan Palace
8,Honduras
8,Santa Teresita del Niño Jesús
8,La Nueva Era
8,Valentín Maya Resort
8,Alfredo Canché
8,Izamal
8,El Jabalí
8,El Dorado
8,Kantenah Dos (Rancho Kantenah)
8,Zazil-Ha
8,Blue Diamond [Hotel]
8,El Manguito [Joyería]
8,Los Picapiedra
8,Paa Mul
8,El Palomar
8,Paraíso
8,Paraíso
8,El Caracol (El Pedregal)
8,El Pícaro
8,Playa del Secreto
8,Iberostar
8,El Pollino
8,El Jardín del Edén
8,Apasco [Concretos]
8,Puerto Aventuras
8,Puerto Chile
8,Punta Maroma
8,Punta Venado
8,San Francisco
8,Club Tulum Palace
8,El Ranchito
8,Sagrado Corazón de Jesús
8,San Antonio
8,San Antonio
8,San Carlos (Kilómetro Cuarenta y Cinco)
8,San Diego
8,Don Papi
8,San José Ichtzel
8,San José
8,San Lorenzo
8,San Miguel
8,San Mateo
8,Native's Park
8,Lu'um Balam
8,San Vicente
8,Grand Palladium
8,Santa Elena
8,Santa Rosa
8,La Selva
8,Puerto Aventuras
8,Tazol Chico
8,Tigre Grande
8,Uxuxubi
8,Xcaret
8,Xcaret
8,Xpu Ha
8,Zazil-Ha
8,Radio Turquesa
8,Agua Viva
8,Centro de Operadores
8,Artesanías Mexicanas
8,Barceló Maya
8,Ocean Maya Royale
8,Cárcel Pública
8,Cuzel
8,Don Eduardo
8,La Estrella del Sur
8,Guadalupano
8,El Jaguar
8,Río Secreto
8,Chupacabras
8,Kantún Chí
8,Lomar
8,Monte Cristo
8,Nueva Creación
8,Los Pájaros
8,Paraíso Tucán
8,Puerto Chile (X Catic)
8,Santa Lucía
8,Las Tunas
8,Hard Rock [Hotel]
8,Los Lachos
8,San Gonzalo
8,Mayan Aventura
8,San Martín
8,IPAE I
8,Santa Librada
8,Santa Rosa
8,El Trébol
8,Tres Ríos
8,El Vuelo del Águila
8,Muchil
8,Las Orquídeas
8,Hunab Kú
8,El Pedregal
8,ABC
8,San Andrés [Purificadora de Agua]
8,El Sauce
8,Cavernas Chaak Tun
8,Las Palmas
8,Zeta Gas
8,Lapis
8,Primavera
8,Marina Maroma
8,El Pitayo
8,La Popa
8,El Palomar [Salón de Fiestas]
8,Las Chabelitas
8,San Román
8,IPAE II
8,Secrets Capri
8,Graciela Zapata Ravel
8,El Gallo Viejo
8,Los Marios
8,Baltazar Aguilar Gómez
8,El Sol
8,Las Golondrinas
8,Baltazar Aguilar
8,Aké Aguilar
8,Hacienda del Caribe
8,El Pedregal
8,El Sinaí
8,Carlos Quiam
8,Los Cinco Hermanos
8,San Miguel
8,Yumbalam
8,El Pueblito
8,Las Palmas
8,Vida y Esperanza
8,Dorado Royale
8,Santa Teresita
8,Ninguno [Caseta de Bomba de Agua]
8,La Mocha
8,Clara Aguilar Che
8,La Esmeralda
8,El Tigre
8,Mayaland
8,El Andariego
8,Nuestra Señora del Carmen
8,La Santísima
8,La Ceiba
8,Cenote Chico
8,Chun Yaxché
8,Felipe Carrillo Puerto
8,Guadalupe
8,Hidalgo y Cortez
8,Laguna Luz
8,Punta Laguna
8,San Antonio
8,San Felipe
8,Santa Clara
8,Santa Clara
8,Kooxché
8,San Antonio
8,Yaxché
8,Yookal
8,San Antonio de Padua
8,El Áltimo
8,Balam-Ha
8,Los Betos
8,Los Girasoles
8,La Güera
8,Tres Piedras
8,Santa Lucía [Rancho]
8,Parcela Isabel
8,Rancho Amor
8,Las Gemelas
8,Balam Ha
8,Aquismón
8,San José
8,Las Tres Cruces
8,Los Tres Alazanes
8,Blue Bay Grand Esmeralda
8,Playa Paraíso
8,Actun Pooltunich
8,Hat-Zuts
8,El Aventurero
8,Balam Tun
8,Campamento Cristiano
8,Los Campos
8,Los Cayuyas
8,Compich
8,El Engaño
8,Nuevo Noh-Bec
8,Filiberto Aguilar
8,Finca Yohana
8,Finca Yorogana
8,La Gloria
8,Grand Sirenis
8,Hacienda Agave
8,El Hidalguense
8,El Regalo de Mis Padres
8,El Faisán
8,Kantenah
8,Lindavista
8,Ninguno
8,Fernando Aguilar [Rancho]
8,Manuel Dzul
8,Las Maravillas
8,María Victoria
8,Las Marías
8,La Morena
8,Mudándote
8,Mi Preciosa
8,Paula Dzib Quiam
8,Los Pinos
8,La Plumita
8,Rancho Chico
8,Rancho Grande
8,Rancho Guadalupe
8,San Felipe
8,San Juan Bautista
8,San Miguel
8,Santa Elena II
8,Sibol Country
8,Tres Reyes
8,Yaxluum
8,Adolfo
8,El Porvenir (Casa Vela)
8,Gaby García
8,Granillos [Trituradora]
8,Grupo Gorsa
8,Hacienda Dora María
8,Julio Quiam
8,La Bendición de Dios
8,La Esperanza
8,La Esperanza
8,Los Arcos
8,Los Hernández
8,Los Viveros
8,Mayacoba [Hotel]
8,Ninguno
8,Ninguno
8,Capricornio [Rancho]
8,Mazatlán [Rancho]
8,Patricia [Rancho]
8,San Benito
8,San Víctor
8,Tumben Kuxtal
8,Villa de Rosa
8,Aluxes
8,El Guajiro
8,Estrella de Oriente
8,La Esperanza
8,La Nueva Esperanza
8,Los Almendros
8,Los Arcos
8,Los Lirios
8,Los Vela
8,Ninguno
8,Ninguno
8,Ninguno
8,Noche Buena
8,Nuevo Guerrero
8,Paraíso [Rancho]
8,Quinta Amor
8,Rosa Gloria
8,San Antonio de Padua
8,San Pablo
8,San Pedro
8,Los Álamos
8,Yaman Ek
8,Yum Kin
8,Lázaro Cárdenas del Río
8,Ninguno [Cocina Económica]
8,La Costa [Materiales]
8,Ozen Cocom
8,Triple A
8,Los Pájaros
8,Tumben-Kah
8,Valle Encantado
8,Jacinto Canek (Campesinos Unidos)
8,Torres de la Paz
8,Paseos del Parque
8,Dolphinaris Park
8,Los Diez
8,Matis
8,Nuevo Jalisco
8,Rancho Corazón
8,Rancho Reyes
8,Santa Margarita
8,Tonantzin
8,Zazil-Ha
9,Tulum
9,Águila Azteca
9,Aktún Chen
9,Akumal
9,Akumal Beach Resorts
9,Akumal Sur
9,La Ley del Monte
9,Labna Ha [Cenotes]
9,Ave Fénix
9,Aventuras Akumal
9,Gran Bahía Príncipe
9,Bahías de Punta Solimán
9,Balam Canché
9,Balam Aktún
9,El Palancar
9,Ninguno [Basurero Municipal]
9,Boca Paila
9,El Retiro
9,Las Cabañas
9,Caleta Tankah
9,SCT [Campamento]
9,Casa del Sol
9,Casa Nalum
9,Arco Maya [Caseta]
9,Ninguno [Caseta de Revisión Sanitaria]
9,Cayetano Nieto Colín
9,Sian Ka'an [Centro de Investigaciones]
9,Cesiak
9,Las Chachalacas
9,Chan Ha
9,Chan Yokdzonot
9,Chanchén Palmar
9,Chanchen Primero
9,Chan Chemuyil
9,Chumkopó
9,Ciudad Chemuyil
9,Clínica IMSS Diez
9,Cobá
9,Los Cocales
9,El Cocalito
9,Playa Manatí
9,Corazón Guadalajara
9,Crucero de las Ruinas de Tulum
9,Bahía Xamach
9,Doña Leonor
9,Las Dos Hermanas
9,Dos Ojos
9,Dos Ojos Dive Center
9,Dos Palmas
9,EA
9,Ek Che
9,El Elegante
9,La Esperanza
9,La Esperanza
9,El Faisán
9,El Faro
9,Faro Tulum
9,Francisco Uh May
9,Freedom Paradise
9,El Gran Cenote
9,La Higuera
9,Hondzonot
9,Houston
9,Ixchel
9,Ixil
9,Jacinto Pat
9,El Jaguar
9,Javier Rojo Gómez (Punta Allen)
9,Jorge Portilla Manica
9,Kaape Ha
9,Kopchén
9,La Kic-Ha
9,Laguna Kanluum
9,Laguna Madera
9,El Lagunero
9,El Pequeño Paraíso
9,Kaakulxa
9,El Campesino
9,Ninguno
9,Kirabo
9,Lol Beh
9,Lol Che
9,Maya Kan
9,La Lupita Paso Lágrimas
9,Macario Gómez
9,El Manatí
9,Manuel Antonio Ay
9,María Magdalena
9,Las Cabañas
9,Maya Tadeo
9,San José
9,Noh Áaktun
9,Oasis Akumal
9,El Paraíso
9,Cobá [Minisuper]
9,Paso Juana
9,El Pedregal
9,Pedro Paila
9,Emily
9,Pesca Maya
9,Pez Maya
9,Los Gatos Negros
9,Punta Pelícano
9,Ramonal
9,Casa de los Pelícanos
9,Rancho Alegre
9,Rancho Mariposa
9,Rancho Siete
9,La Nueva Esperanza
9,Richard
9,Ruinas de Tulum
9,Sahcab Mucuy
9,San Agustín
9,San Antonio
9,San Antonio
9,San Antonio Soledad
9,San Felipe
9,San Francisco
9,San Isidro
9,San José
9,San Juan
9,San Juan
9,San Martín
9,San Mateo
9,San Miguel
9,San Rafael
9,Santa Cruz
9,Santa Cruz
9,Santa Elena
9,Alfa y Mega
9,Santa María
9,Santa Martha Fracción Cinco
9,Santa Pilar
9,Mukan
9,Santa Rosa
9,Santa Teresa
9,SEMARNAT
9,Sol Caribe
9,Sol Maya
9,Tulum Banco Uno [Subestación]
9,Dreams Tulum
9,Tankah Cuatro
9,Tankah Dos
9,Tankah Tres
9,Tankah Uno
9,Mayamar
9,La Teresita
9,Tres Hermanos
9,Uxul
9,El Venado
9,Las Villas Akumal
9,El Vivero
9,Xamach Dos
9,Xbecal
9,Xcacel
9,Xel-Ha
9,Yal-Xaan
9,Yaxché
9,El Elefante Volador
9,Dzoc
9,La Bendición de Dios
9,Casa Godi
9,Casa Merrick
9,Chul-Tun
9,Cibal-Yumtzil
9,Don Renzo
9,"Estrella, Sol y Luna"
9,Hombre de Piedra
9,Los Jaguares
9,Las Boyas
9,Ninguno
9,Quinta la Alborada
9,Koox Campestre
9,San Judas Tadeo
9,Xo Ki'in
9,El Teterete
9,Villa Destini
9,Villa Estrellita
9,Yalkú
9,Áaktun Ha
9,El Álamo
9,Alebrijes
9,Aluxes
9,Las Amarantas
9,Antonio Pool
9,El Árbol
9,Balam Ka
9,Balam Luum
9,Las Bromelias
9,Camino Maya
9,Los Capulines
9,La Casa de las Mariposas
9,Casa del Niño
9,Yakunah
9,La Casa Leña
9,Casa Meinen
9,La Ceiba
9,Cenote Angelita
9,Cenote Calavera
9,Cenote Cristal
9,Cenote Zazil-Ha
9,Chacté Escondido
9,La Chencha
9,Chipitín
9,Los Cocos
9,El Colomo
9,Colorado
9,Cruz Azul [Concretos]
9,La Consentida
9,La Culebra
9,La Curva
9,Los Delfines
9,Los Delfines (Xamach Uno)
9,El Deseo de Dios
9,Santa Isabella
9,Don Tinajas
9,Las Dos Luces
9,Dos Ojos
9,Dos Palmas
9,Dzonot Sis-Ha
9,Ek Balam
9,La Esperanza
9,La Esperanza
9,Francisco Arraco
9,PEMEX [Gasolinera]
9,Guadalupano
9,El Guayabo
9,La Herencia
9,India Blanca
9,Kan-Lu'um
9,La Ceiba
9,Le Hoxu'ul Haltun
9,Ninguno
9,Ninguno
9,Ninguno
9,Ninguno
9,Ninguno
9,Ninguno
9,Ninguno
9,Ninguno
9,Ninguno
9,Ninguno
9,Ninguno
9,Ninguno
9,Ninguno
9,Ninguno
9,Ninguno
9,Ninguno
9,Ninguno
9,Ninguno
9,Ninguno
9,Ninguno
9,Ninguno
9,Ninguno
9,Ninguno
9,Ninguno
9,Ninguno
9,Ninguno
9,Ninguno
9,Ninguno
9,Ninguno
9,La Pescadora
9,San Miguel
9,Ninguno
9,Ninguno
9,Ninguno
9,Ninguno
9,Ninguno
9,Ninguno
9,Loma Linda
9,La Lunita
9,Madre Selva
9,El Maguey
9,El Manantial
9,Grand Slam
9,Maya Art
9,Mi Lu'um
9,El Milagro
9,Nuevo
9,Orión
9,Las Orquídeas
9,El Palomar
9,Las Palomas
9,Pambi Ha
9,El Pedregal
9,Pepe Americano
9,Pino Suárez
9,Procuraduría General de Justicia
9,El Recuerdo
9,Sac-Be
9,San Antonio
9,San Carlos
9,San Edgar (Santiago Canul)
9,San Manuel
9,San Miguel
9,San Nazarén
9,San Pedro
9,Santa Elena
9,Santa María
9,Santo Domingo
9,El Sapote
9,Saya'b Tunich
9,T. Cañón
9,Tankah Pueblo
9,The Smilling Iguana
9,Tres Hermanos (Emilio)
9,Tres Nietos (Don Lupe)
9,Tres Vírgenes
9,La Unión
9,U-Shul
9,Vivero Jardín
9,Ranitas [Vivero]
9,Yolis
9,Zhunaan Ha
9,Agua Maya [Planta Purificadora]
9,Aventuras Maya [Parque]
9,Balam Ak'ab
9,Cafeto Cimarrón
9,Casa Chemsi
9,Casa Ikal
9,Cenote Kalimba
9,Cenote Xunaan-Ha
9,Cenote Yax-Kín
9,Doña Martina [Vivienda]
9,El Lince
9,Chemuyil Club Villas
9,El Zapotal
9,Eleazar Pool [Vivienda]
9,Harumi Fandiño Sakane
9,Jacinto Pat
9,Kilómetro Seis
9,La Campana
9,Treinta y Uno [Lote]
9,Madre Tierra (El Gringo)
9,Manuel Chivero
9,Sasirán
9,Ninguno
9,Ninguno [Invernadero Social]
9,Chonita
9,Ninguno
9,Ninguno
9,Ninguno
9,Ninguno
9,Ninguno [Vivero]
9,Número Siete
9,Oscar y Lalo [Restaurante Bar Grill]
9,Playa Capechén
9,Punta Sur
9,Canbalan [Rancho]
9,Caracolito [Rancho]
9,Rancho de Pablo
9,Flores Rojas [Rancho]
9,Ila'ke'ch [Rancho]
9,Ixchel [Rancho]
9,Najil'kaax [Rancho]
9,Paraíso [Rancho]
9,Portilla [Rancho]
9,Saturnino [Rancho]
9,Sueños [Rancho]
9,Yax'muul [Rancho]
9,Buena Esperanza
9,The Jungle Place
9,Tulum Monkey Santuary (TMS)
9,Árboles Tulum
9,Balché
9,Casa Sofía
9,Cuatro Hectáreas [Rancho]
9,El Canario
9,El Pit
9,El Último Maya (Camping)
9,Isabel [Artesanías]
9,Julián Borge
9,Karim
9,Los Aluxes [Rancho]
9,Misterio Maya
9,Ninguno
9,Ninguno
9,Ninguno
9,San Felipe
9,Pakchen [Rancho]
9,Rafael Pérez Ramírez
9,Sac-Aktun
9,San Baltazar
9,Xamach Uno Alma Viva
9,San Pedro
9,Cristal [Colonia]
9,Akumal Monkey Santuary
9,Akunynam
9,Cachito de Cielo
9,Casa Celeste
9,Casa Tzalam
9,Cueva del Pargo Xamach
9,Jungla Maya
9,La Picuda
9,Paraíso
9,Rancho Antigua
9,Santuario Tulum
10,Bacalar
10,Áak' Abal
10,Aarón Merino
10,Aarón Merino [Colonia]
10,Agua Real
10,Ahisamac
10,Alfonso Álvarez Sánchez
10,Altos de Sevilla
10,Anastacio Valdez Huchin
10,Andrés Alamilla
10,Andrés Quintana Roo
10,Ángelo Cortez
10,Año Nuevo
10,Arturo Martínez Colorado
10,Astro Rey
10,Bacalar Dos
10,Bacalar Kilómetro Dos
10,Bacalar Uno
10,Bárbara Guerrero Pérez
10,Blanca Flor
10,Buena Esperanza
10,Buenavista
10,Caan Lumil
10,Caanán
10,Cámara
10,Carlos Xacur
10,Cayuco Maya
10,CECUSE
10,Centro de Conservación e Investigación de la Vida Silvestre
10,Chacchoben
10,Chula Vista
10,Cinco Hermanos
10,Colonia Colosio
10,Cristian Chávez
10,Cruz del Sur
10,Cuatro Ases
10,Cuatro Banderas
10,Cuatro Hermanos
10,Cuatro Potrillos
10,David Gustavo Gutiérrez Ruiz
10,De Guadalupe
10,Dieciocho de Marzo
10,División del Sur
10,Ecotucán
10,Eduardo Puchiga
10,El Bajío
10,El Buen Pastor
10,El Cadiraiz
10,El Cafetal
10,El Calvario
10,El Cedral
10,El Cedralito
10,El Cerro de la Campana
10,El Coco
10,El Cuervo
10,El Danto
10,El Diamante
10,El Edén
10,El Edén
10,El Encanto
10,El Encanto Segundo
10,El Esfuerzo
10,El Frutalito
10,El Gallito
10,El Higuero
10,El Indio
10,El Kiwi
10,El Mamey
10,El Milagro
10,El Molino
10,El Naranjal
10,El Naranjal
10,El Palomar
10,El Paraíso
10,El Paraíso
10,El Paso del Tigre
10,El Pedregal
10,El Pedregal
10,El Pedregal
10,El Porvenir
10,El Progreso
10,El Ramonal
10,El Remolino
10,El Roble
10,El Rubí
10,El Sinaí
10,El Sufrido
10,El Suspiro
10,El Trébol
10,El Zapote
10,Elsa Micaela Barquet
10,Emiliano Pantín Góngora
10,Ernesto Chejín
10,Esperanza
10,Francisco Hurtado Ibarra
10,Francisco J. Mújica
10,Francisco Villa
10,Frontera de los Julios
10,Gabino Vázquez
10,Gabriel García
10,Gerisin
10,Gregorio Pech
10,Grupo Balam
10,Guadalupe Victoria
10,Gustavo Antonio
10,Gustavo Díaz Ordaz
10,Huatusco
10,Isidro Fabela
10,Isidro López Chí
10,Iturbide
10,Iván Díaz
10,Javier Palacios
10,Javier Sandoval
10,Jesús Martínez Ross
10,"Jesús, María y José"
10,Jorge Alonzo Canto
10,Jorge Cano
10,José Méndez
10,Juan Herrera
10,Kuchumatán
10,La Bendición de Dios
10,La Buena Fe
10,La Calumnia
10,La Candelaria
10,La Carmelita
10,La Casona
10,La Ceiba
10,La Central
10,La Chata
10,La Cochinera
10,La Coruña
10,La Esmeralda
10,La Esperanza
10,La Esperanza
10,La Estancia
10,La Guadalupana
10,La Herradura
10,La Herradura
10,La Isla
10,La Laguna
10,La Loma
10,La Nueva Esperanza
10,La Pantera
10,La Pasadita
10,La Petunia
10,La Piedra
10,La Primavera
10,La Primavera
10,La Prosperidad (El Aserradero)
10,La Raya
10,La Retranca
10,La Sabanita
10,La Zarza
10,Las Abejas
10,Las Brisas
10,Las Dos Eses
10,Las Gaviotas
10,Las Golondrinas
10,Las Heliconias
10,Las Ilusiones
10,Las Isabelas
10,Las Maravillas
10,Las Orquídeas
10,Las Palmas
10,Las Piñas
10,Las Riendas
10,Las Ruinas
10,Las Tres Emes
10,Las Tres Marías
10,Las Velas
10,Laureles
10,Lázaro Cárdenas
10,Lázaro Cárdenas del Río Tercero
10,Leyda Alpuche
10,Limones
10,Loma Bonita
10,Los Alacranes
10,Los Alacranes
10,Los Ángeles
10,Los Cardenales
10,Los Cascabeles
10,Los Cascos
10,Los Cinco Hermanos
10,Los Compadres
10,Los Cuates
10,Los Divorciados
10,Los Dos Hermanos
10,Los Geralex
10,Los Girasoles
10,Los Humildes
10,Los Laureles
10,Los Laureles
10,Los Laureles
10,Los Siete Hermanos
10,Los Socios
10,Los Tres Reyes Uno
10,Manatí
10,Manuel Ávila Camacho
10,Manuel Canto
10,Manuel Raz
10,Margarita Maza de Juárez
10,Marlboro
10,Maya Balam
10,Melchor Ocampo
10,Merari Can
10,Miguel Alemán
10,Miguel Hidalgo y Costilla
10,Mil Millas al Sur
10,Monte Olivo
10,Monte Verde
10,Narciso Alpuche Rivero
10,Ninguno
10,Ninguno
10,Ninguno
10,Ninguno
10,Ninguno
10,Ninguno
10,Ninguno
10,Ninguno
10,Ninguno
10,Ninguno
10,Ninguno
10,Ninguno
10,Ninguno
10,Ninguno
10,Ninguno
10,Ninguno
10,Ninguno
10,Ninguno
10,Ninguno
10,Ninguno
10,Ninguno
10,Ninguno
10,Ninguno
10,Ninguno [Corredor Frutícola]
10,Noh-Bec
10,Nuevo Hoctún
10,Nuevo Jerusalén
10,Nuevo Tabasco
10,Nuevos Horizontes
10,Olivero Cambrano Álvarez
10,Otilio Montaño
10,Ox-Pa-Ka
10,Papalipa
10,Paraíso Escondido
10,Paraíso Segundo
10,Payo Obispo
10,Pedro Antonio Santos
10,Pehaltum
10,Petén Tunich
10,PROFEPA [Caseta de Vigilancia]
10,Pueblo Chiclero
10,Puerta del Cielo
10,Punta Pulticub
10,Rafael Witzil Hau
10,Ramiro González Acotzi
10,Rancho Apan
10,Rancho Cascabel
10,Rancho Encantado
10,Rancho Grande
10,Rancho Juanita
10,Rancho Mayob
10,Rancho Ramonal
10,Rancho Sur
10,Rancho Tranquila
10,Rancho Valerio
10,Reforma
10,Ninguno [Relleno Sanitario]
10,Ninguno [Relleno Sanitario]
10,Reyna
10,Río Escondido
10,Río Verde
10,Rosa de Saarón
10,Sabanitas Dos
10,Salamanca
10,San Antonio
10,San Antonio
10,San Antonio
10,San Antonio
10,San Bernardo
10,San Cosme
10,San Felipe
10,San Felipe Bacalar
10,San Fernando
10,San Gabriel
10,San Hipólito
10,San Isidro
10,San Isidro la Laguna
10,San Javier
10,San José
10,San José (La Silvia)
10,San José de la Cruz
10,San José los Lirios
10,San Juan
10,San Juan
10,San Judas Tadeo
10,San Lorenzo (Rancho Alegre)
10,San Luis
10,San Manuel
10,San Martín
10,San Martín
10,San Pedro
10,San Pedro
10,San Rafael
10,San Ramón
10,San Román
10,San Víctor
10,Santa Cecilia
10,Santa Cruz
10,Santa Cruz Chico
10,Santa Julia
10,Santa Rita
10,Santa Rita
10,Santa Rosa
10,Santa Rosa
10,Santiago Palacios Carrillo
10,Serviliano Cohuó Medina
10,Silvia Cerecero Loyola
10,Silvino Canché
10,Sistema de Bombeo
10,Sócrates León Pérez
10,Tierra Negra
10,Tito
10,Tito Raúl García Aguilar
10,Ubre Blanca
10,Valentín Gómez Farías
10,Vallehermoso
10,Villas del Sagrario
10,Xco Poh
10,Xtomoc
10,Xtomoc Uno
10,Yumpetén
10,Zak-Chakán
10,Zamora
10,Zapata
10,Agave Blue
10,Andrés Ruiz Morcillo
10,Ángel Chima Cervantes
10,Azul Paradise
10,Caracol
10,Casa Tibidabo 33
10,CEPROFAO
10,Cocodrilia
10,Curí
10,Eco Wayaca
10,El Achiote
10,El Español
10,El Maná
10,El Mirador
10,El Progreso
10,El Tesoro
10,Kilómetro 49 más 870
10,Kuuch Kanil
10,La Saga
10,Las Brisas
10,Las Mariposas
10,Las Palmas
10,Las Palmas
10,Los Cuatro Hermanos
10,Los Mangos
10,Marco Lozano Ocman
10,Marie Claude Rodríguez
10,Monte Carlo
10,Ninguno
10,Ninguno
10,San Juan
10,San Juanito
10,Santa Bárbara
10,Tres Cruces
10,Tres Hermanos [Rancho]
10,Yaxché
10,Cerro del Diablo
10,Guerrerense
10,La Estil (Kilómetro Once)
10,Rancho Escondido
11,Puerto Morelos
11,1ro. de Abril
11,24 Horas
11,Abdiel
11,Addy
11,Adrian Poot Pech
11,Agua Escondida
11,Alcatraz
11,Alegría de Vivir
11,Alfa
11,Ámel García Ramírez
11,Ángel Bautista
11,Ángel Esteban
11,Angélica Dorantes Ordoñez
11,Antonio
11,"Aquí Estoy, Aquí me Quedo"
11,Aquí la Gloria
11,Arca de Noé
11,Arcángel
11,Argenis III
11,Arietes
11,Avestruces
11,Azul Sensatori [Hotel]
11,Barones
11,Belosol Beach Club
11,Benito Juárez [Vivero Forestal]
11,Boca del Puma
11,Campestre Dos
11,Campo de Sol
11,Campo Nuevo
11,Caracolillo
11,Casa los Arcos
11,Central Vallarta
11,Centro Cristiano Peniel [Campamento]
11,Chac-Tun Ché
11,Chan Dzonot
11,Chari
11,Chilam Balam
11,Cocom
11,Colibrí
11,Corazón [Rancho]
11,Cottini Girolo Renato
11,Cruz de la Selva
11,Cruz de la Selva
11,Cuna de Lobos
11,David Euan Canché
11,Dejeos
11,Delta Premezclados
11,Desiré
11,Diez de Septiembre
11,DIMASUR
11,Doctor Alfredo Barrera Marín [Jardín Botánico]
11,Don Martín
11,Dos Potrillos
11,El Abuelo
11,El Aguacate
11,El Álamo
11,El Álamo Dos [Rancho]
11,El Álamo Uno [Rancho]
11,El Ángel
11,El Bejucal
11,El Cardenal
11,El Cardenal
11,El Carrizal
11,El Cedral
11,El Chaparral
11,El Chus
11,El Cocal
11,El Colorado
11,El Conquistador
11,El Consuelo
11,El Corcel
11,El Cubano [Rancho]
11,El Discípulo
11,El Don
11,El Dorado
11,El Gran Chaparral
11,El Jaguar
11,El Maduro
11,El Marañón
11,El Nido del Águila
11,El Niño Perdido
11,El Pájaro Loco
11,El Paradero
11,El Paraíso [Rancho]
11,El Pavo [Rancho]
11,El Pedregal
11,El Pedregal
11,El Porvenir
11,El Potrillo
11,El Quelite
11,El Retiro
11,El Retiro
11,El Rey Polo Country
11,El Sorullo
11,El Tío Gil
11,El Trópico
11,El Verdín
11,El Willy (Parcela Diecisiete)
11,El Zafarrancho
11,Eladio Betancourt
11,Eleodoro Gallegos
11,Erick Sánchez
11,Esmeralda
11,Eulalio Caamal
11,Fábrica de Hielo
11,Fedajabu
11,Fermín
11,Galilea Antiguo Tezón
11,Golden Sky
11,Guadalupe
11,Gustavo
11,Hare Krishna
11,Herlaz
11,Hermanos Gómez
11,Hermanos Loría Annel
11,Hermanos Olivares
11,Hernán
11,Higos y Mandarinas
11,Hipólito Manríquez
11,Hueso Blanco
11,Hugo Celis
11,Ignacio Vázquez
11,Interceramic [Bodegas]
11,Ixora [Vivero]
11,Ixtul
11,Jardines Lol-Be
11,Jauja
11,Javier Briseño [Rancho]
11,Jesús Salgado
11,Jolie Jungle
11,Jorge Avilez
11,José Luis
11,JR
11,Juan Cupul
11,Julián Jiménez Montalvo
11,Kiimak in Wo'ol
11,Kilómetro Catorce Punto Siete
11,Kilómetro Doscientos Ochenta y Siete Punto Cinco (Fuente Agua Viva)
11,Kilómetro Once
11,Kokonuts
11,La Asunción
11,La Bendición de Dios
11,La Carcajada
11,La Changa
11,La Concepción
11,La Cueva del Tapir
11,La Dama y el Caballero
11,La Esperanza
11,La Esperanza
11,La Granja
11,La Greñuda
11,La Guadalupana
11,La Iguana
11,La Jungla
11,La Jungla
11,La Libertad
11,La Lupita
11,La Lupita
11,La Milpa
11,La Nueva Esperanza
11,La Paz
11,La Pura Reata
11,La Rana
11,La Roca
11,La Selva
11,La Siembra
11,La Soñadora
11,La Valentina
11,La Valentina
11,La Veracruzana
11,La Zuncho
11,Lagos de San Juan
11,Las Azucenas
11,Las Ballenas
11,Las Carmelitas
11,Las Escondidas
11,Las Fincas
11,Las Mojarras
11,Las Orquídeas
11,Las Palmas
11,Las Palomas
11,Las Palomas del Señor
11,Las Potrancas
11,Las Ruinas
11,Las Sábilas [Rancho]
11,Lee Much
11,León de Judá
11,Leona Vicario
11,Leona Vicario
11,Leona Vicario
11,Leona Vicario
11,Leona Vicario [Bloquera]
11,Leona Vicario [Vivero Forestal]
11,Leonel Córdoba Jiménez
11,Lluvia de Gracia
11,Lluvias de Oro
11,Lobo Ranchero
11,Loiritas Band
11,Loma Bonita
11,Loritas [Rancho]
11,Los Ángeles
11,Los Arcos
11,Los Burgos
11,Los Cachorros
11,Los Caporales
11,Los Chitos
11,Los Columpios
11,Los Compadres
11,Los Coquitos
11,Los Corrales
11,Los Gavilanes
11,Los Jaguares
11,Los Laureles
11,Los Macip
11,Los Norteños
11,Los Nuez
11,Los Pacheco
11,Los Panchos
11,Los Primos
11,Los Querubines
11,Los Quiñones
11,Los Retoños
11,Los Sobrinos
11,Los Tres Castillo
11,Los Tres Ceibos
11,Los Tres Compadres
11,Los Tres Hermanos
11,Luis Echeverría Álvarez
11,Luz del Mundo
11,Macuspana [Rancho]
11,Mahanaim
11,Malonie Carrie
11,Mama Luum
11,Manuel Álvarez
11,Marcos
11,María Abreu [Invernaderos]
11,Mateo Santos
11,Mau Mau
11,Mayan Paradise
11,Mi Bella Rosario
11,Mi Sueño
11,Miguel Sosa Burgos
11,Mis Angelitos [Rancho]
11,Monte Andrés
11,Monte Sión
11,Moreno [Vulcanizadora]
11,Natalia Sánchez [Parcela]
11,Elías Sánchez
11,Ninguno
11,Ninguno
11,Ninguno
11,Ninguno
11,Ninguno
11,Ninguno
11,Ninguno
11,Ninguno
11,Ninguno
11,Ninguno
11,Ninguno
11,Ninguno
11,Ninguno
11,Ninguno
11,Ninguno
11,Ninguno
11,Ninguno
11,Ninguno
11,Ninguno
11,Ninguno
11,Ninguno
11,Ninguno
11,Ninguno
11,Ninguno
11,Ninguno
11,México Lindo
11,Ninguno
11,Tolook Kaan
11,Ninguno
11,Ninguno
11,Ninguno
11,Ninguno
11,Ninguno
11,Ninguno
11,Ninguno
11,Ninguno
11,Ninguno
11,Ninguno
11,Ninguno
11,Ninguno
11,Ninguno
11,Ninguno
11,Ninguno
11,Ninguno
11,Ninguno
11,Ninguno
11,Ninguno
11,Ninguno [Banco Sascab]
11,Ninguno [Centro de Capacitación del Ayuntamiento]
11,Ninguno [Ecológico]
11,Ninguno [Número Cincuenta y Ocho]
11,Ninguno [Número Cincuenta y Seis]
11,Ninguno [Número Cuarenta y Dos]
11,Ninguno [Número Cuarenta y Siete]
11,Ninguno [Número Diecinueve]
11,Ninguno [Número Veinte]
11,Ninguno [Poste 24]
11,Ninguno [Poste CFE 18-17]
11,Ninguno [Poste CFE 21-22]
11,Ninguno [Poste CFE 22-23]
11,Ninguno [Poste CFE 23-24]
11,Ninguno [Pozo de Agua 11]
11,Ninguno [Rejas Blancas]
11,Ninguno [UAIM]
11,Niñito de Atocha
11,Noble y Bella
11,Nopalitos
11,Octavio Galicia
11,Oliveth
11,Orenda
11,Oscar Jiménez Córdoba
11,Pacheco Acuatic
11,Pacheco Acuatic
11,Palma Areca
11,Palma Seca
11,Panacea
11,Paraíso
11,Paraíso de la Bonita
11,Parcela Cinco
11,Parcela Cuarenta y Tres
11,Parcela Doscientos Diecinueve
11,Pedro
11,Pedro García May
11,Pepen
11,Pie de Cría Uno
11,Predio Lulú
11,Pretecno
11,Punta Brava
11,Punta Petempich
11,Punta Tanchacté
11,Puño de Tierra
11,Puros Sueños
11,Quince de Septiembre
11,Quinta Rico
11,Rancho Alegre
11,Rancho Cactus
11,Rancho Chico
11,Rancho Gómez
11,Rancho González
11,Rancho Grande
11,Rancho Gubiña
11,Rancho Memo
11,Rancho Mirna
11,Rancho Ochoa
11,Rancho Verde
11,Rancho Victoria
11,Rebeca
11,Reserva Toh
11,Reynoso [Vivero]
11,Ríos de Agua Viva
11,Robeli
11,Rodolfo Hernández
11,Sac Beh de Guadalupe
11,Sac-Lol
11,Sac-Pakal
11,San Ángel
11,San Antonio
11,San Antonio de Padua
11,San Arturo
11,San Benito
11,San Diego
11,San Eduardo
11,San Francisco
11,San Ignacio
11,San Isidro Labrador
11,San Jarifongo
11,San Jeremías
11,San Joaquín
11,San José
11,San José
11,San José de los Camotes
11,San Judas Tadeo
11,San Lucas
11,San Luis
11,San Manuel
11,San Miguel
11,San Palo Mío
11,San Pedro
11,San Rafael
11,Sand Castle
11,Santa Ana
11,Santa Apolonia
11,Santa Cecilia
11,Santa Fabiola
11,Santa Lucía
11,Santa María
11,Santa María
11,Santa Marta
11,Santa Martha
11,Santa Mercedes
11,Santa Regina
11,Santa Rosa
11,Santa Rosa
11,Saraguato
11,Secrets Silversands [Hotel]
11,Segunda Entrada de Pozos
11,Sinaí
11,Sinaí
11,Snorkeling Adventure
11,Sol y Luna
11,Tecnorest Equipo
11,Torno Largo
11,Tres Bocas
11,Tres Reyes
11,Tzol Kin
11,Un Jardín en el Paraíso
11,Unay Keh
11,Unikteilkustal
11,Valladolid Nuevo
11,Víctor Encalada (La Laguna)
11,Villa Amor [Rancho]
11,Villa Chankanaab
11,Villa Delfines
11,Villa Guadalupe
11,Villa Lupita
11,Villa Morada
11,Vista Alegre
11,Xamba Laa
11,Xokipix
11,Yésica
11,Yodzonot Kukulkan
11,Yolanda González
11,Yuca
11,Zapotitos
11,Zona Selvática
11,Chac-Lu'um [Rancho]
11,El Muchacho Alegre
11,Jamsa Avata
11,Jorpil
11,La Gloria
11,La Gloria [Granja]
11,La Granja [Rancho]
11,Leobardo Castro
11,Los Cocos
11,Ninguno [Rancho]
11,San José
11,San José
11,San Mateo
11,Selva Maya
11,San Carlos
11,Guadalupe
11,Los Nietos
11,Ninguno [Aurelia Hernández]
11,Casa Costal
11,Pepen Ik
11,H5 Prefabricados [Artesanías]
11,La Vereda Tropical
11,Quinta Cecilia
11,Rogelio Molina
11,Tres Lunas
